Product_Category,Category,Subcategory1,Subcategory2,Subcategory3,Url,Attr_Name,Attr_Value,Counts
Clothing,Women,Western,Outerwear,Jackets,https://www.theoutnet.com/api/yoox/ton/search/resources/store/theoutnet_us/productview/byCategory?attrs=true&category=%2Fclothing%2Fjackets%2Fblazers&facet=ads_f10002_ntk_cs%3A%22XXS%22&locale=en_US&pageNumber=2&pageSize=96,Size,XXS,210
Clothing,Women,Western,Outerwear,Jackets,https://www.theoutnet.com/api/yoox/ton/search/resources/store/theoutnet_us/productview/byCategory?attrs=true&category=%2Fclothing%2Fjackets%2Fblazers&facet=ads_f10002_ntk_cs%3A%22XS%22&locale=en_US&pageNumber=2&pageSize=96,Size,XS,364
Clothing,Women,Western,Outerwear,Jackets,https://www.theoutnet.com/api/yoox/ton/search/resources/store/theoutnet_us/productview/byCategory?attrs=true&category=%2Fclothing%2Fjackets%2Fblazers&facet=ads_f10002_ntk_cs%3A%22S%22&locale=en_US&pageNumber=2&pageSize=96,Size,S,395
Clothing,Women,Western,Outerwear,Jackets,https://www.theoutnet.com/api/yoox/ton/search/resources/store/theoutnet_us/productview/byCategory?attrs=true&category=%2Fclothing%2Fjackets%2Fblazers&facet=ads_f10002_ntk_cs%3A%22M%22&locale=en_US&pageNumber=2&pageSize=96,Size,M,399
Clothing,Women,Western,Outerwear,Jackets,https://www.theoutnet.com/api/yoox/ton/search/resources/store/theoutnet_us/productview/byCategory?attrs=true&category=%2Fclothing%2Fjackets%2Fblazers&facet=ads_f10002_ntk_cs%3A%22L%22&locale=en_US&pageNumber=2&pageSize=96,Size,L,346
Clothing,Women,Western,Outerwear,Jackets,https://www.theoutnet.com/api/yoox/ton/search/resources/store/theoutnet_us/productview/byCategory?attrs=true&category=%2Fclothing%2Fjackets%2Fblazers&facet=ads_f10002_ntk_cs%3A%22XL%22&locale=en_US&pageNumber=2&pageSize=96,Size,XL,234
Clothing,Women,Western,Outerwear,Jackets,https://www.theoutnet.com/api/yoox/ton/search/resources/store/theoutnet_us/productview/byCategory?attrs=true&category=%2Fclothing%2Fjackets%2Fblazers&facet=ads_f10002_ntk_cs%3A%22XXL%22&locale=en_US&pageNumber=2&pageSize=96,Size,XXL,94
Clothing,Women,Western,Outerwear,Jackets,https://www.theoutnet.com/api/yoox/ton/search/resources/store/theoutnet_us/productview/byCategory?attrs=true&category=%2Fclothing%2Fjackets%2Fblazers&facet=ads_f10002_ntk_cs%3A%22XXXL%22&locale=en_US&pageNumber=2&pageSize=96,Size,XXXL,52
Clothing,Women,Western,Outerwear,Jackets,https://www.theoutnet.com/api/yoox/ton/search/resources/store/theoutnet_us/productview/byCategory?attrs=true&category=%2Fclothing%2Fjackets%2Fblazers&facet=ads_f22539_ntk_cs%3A%2200%22&locale=en_US&pageNumber=2&pageSize=96,Clothing Size,00,43
Clothing,Women,Western,Outerwear,Jackets,https://www.theoutnet.com/api/yoox/ton/search/resources/store/theoutnet_us/productview/byCategory?attrs=true&category=%2Fclothing%2Fjackets%2Fblazers&facet=ads_f22539_ntk_cs%3A%220%22&locale=en_US&pageNumber=2&pageSize=96,Clothing Size,0,190
Clothing,Women,Western,Outerwear,Jackets,https://www.theoutnet.com/api/yoox/ton/search/resources/store/theoutnet_us/productview/byCategory?attrs=true&category=%2Fclothing%2Fjackets%2Fblazers&facet=ads_f22539_ntk_cs%3A%222%22&locale=en_US&pageNumber=2&pageSize=96,Clothing Size,2,360
Clothing,Women,Western,Outerwear,Jackets,https://www.theoutnet.com/api/yoox/ton/search/resources/store/theoutnet_us/productview/byCategory?attrs=true&category=%2Fclothing%2Fjackets%2Fblazers&facet=ads_f22539_ntk_cs%3A%224%22&locale=en_US&pageNumber=2&pageSize=96,Clothing Size,4,394
Clothing,Women,Western,Outerwear,Jackets,https://www.theoutnet.com/api/yoox/ton/search/resources/store/theoutnet_us/productview/byCategory?attrs=true&category=%2Fclothing%2Fjackets%2Fblazers&facet=ads_f22539_ntk_cs%3A%226%22&locale=en_US&pageNumber=2&pageSize=96,Clothing Size,6,397
Clothing,Women,Western,Outerwear,Jackets,https://www.theoutnet.com/api/yoox/ton/search/resources/store/theoutnet_us/productview/byCategory?attrs=true&category=%2Fclothing%2Fjackets%2Fblazers&facet=ads_f22539_ntk_cs%3A%228%22&locale=en_US&pageNumber=2&pageSize=96,Clothing Size,8,345
Clothing,Women,Western,Outerwear,Jackets,https://www.theoutnet.com/api/yoox/ton/search/resources/store/theoutnet_us/productview/byCategory?attrs=true&category=%2Fclothing%2Fjackets%2Fblazers&facet=ads_f22539_ntk_cs%3A%2210%22&locale=en_US&pageNumber=2&pageSize=96,Clothing Size,10,234
Clothing,Women,Western,Outerwear,Jackets,https://www.theoutnet.com/api/yoox/ton/search/resources/store/theoutnet_us/productview/byCategory?attrs=true&category=%2Fclothing%2Fjackets%2Fblazers&facet=ads_f22539_ntk_cs%3A%2212%22&locale=en_US&pageNumber=2&pageSize=96,Clothing Size,12,93
Clothing,Women,Western,Outerwear,Jackets,https://www.theoutnet.com/api/yoox/ton/search/resources/store/theoutnet_us/productview/byCategory?attrs=true&category=%2Fclothing%2Fjackets%2Fblazers&facet=ads_f22539_ntk_cs%3A%2214%22&locale=en_US&pageNumber=2&pageSize=96,Clothing Size,14,43
Clothing,Women,Western,Outerwear,Jackets,https://www.theoutnet.com/api/yoox/ton/search/resources/store/theoutnet_us/productview/byCategory?attrs=true&category=%2Fclothing%2Fjackets%2Fblazers&facet=ads_f22539_ntk_cs%3A%2216%22&locale=en_US&pageNumber=2&pageSize=96,Clothing Size,16,15
Clothing,Women,Western,Outerwear,Jackets,https://www.theoutnet.com/api/yoox/ton/search/resources/store/theoutnet_us/productview/byCategory?attrs=true&category=%2Fclothing%2Fjackets%2Fblazers&facet=ads_f10001_ntk_cs%3A%2216ARLINGTON%22&locale=en_US&pageNumber=2&pageSize=96,Designer,16ARLINGTON,2
Clothing,Women,Western,Outerwear,Jackets,https://www.theoutnet.com/api/yoox/ton/search/resources/store/theoutnet_us/productview/byCategory?attrs=true&category=%2Fclothing%2Fjackets%2Fblazers&facet=ads_f10001_ntk_cs%3A%223.1+PHILLIP+LIM%22&locale=en_US&pageNumber=2&pageSize=96,Designer,3.1 PHILLIP LIM,7
Clothing,Women,Western,Outerwear,Jackets,https://www.theoutnet.com/api/yoox/ton/search/resources/store/theoutnet_us/productview/byCategory?attrs=true&category=%2Fclothing%2Fjackets%2Fblazers&facet=ads_f10001_ntk_cs%3A%22A.L.C.%22&locale=en_US&pageNumber=2&pageSize=96,Designer,A.L.C.,12
Clothing,Women,Western,Outerwear,Jackets,https://www.theoutnet.com/api/yoox/ton/search/resources/store/theoutnet_us/productview/byCategory?attrs=true&category=%2Fclothing%2Fjackets%2Fblazers&facet=ads_f10001_ntk_cs%3A%22ACNE+STUDIOS%22&locale=en_US&pageNumber=2&pageSize=96,Designer,ACNE STUDIOS,11
Clothing,Women,Western,Outerwear,Jackets,https://www.theoutnet.com/api/yoox/ton/search/resources/store/theoutnet_us/productview/byCategory?attrs=true&category=%2Fclothing%2Fjackets%2Fblazers&facet=ads_f10001_ntk_cs%3A%22AHLUWALIA%22&locale=en_US&pageNumber=2&pageSize=96,Designer,AHLUWALIA,1
Clothing,Women,Western,Outerwear,Jackets,https://www.theoutnet.com/api/yoox/ton/search/resources/store/theoutnet_us/productview/byCategory?attrs=true&category=%2Fclothing%2Fjackets%2Fblazers&facet=ads_f10001_ntk_cs%3A%22AJE.%22&locale=en_US&pageNumber=2&pageSize=96,Designer,AJE.,1
Clothing,Women,Western,Outerwear,Jackets,https://www.theoutnet.com/api/yoox/ton/search/resources/store/theoutnet_us/productview/byCategory?attrs=true&category=%2Fclothing%2Fjackets%2Fblazers&facet=ads_f10001_ntk_cs%3A%22AKRIS%22&locale=en_US&pageNumber=2&pageSize=96,Designer,AKRIS,1
Clothing,Women,Western,Outerwear,Jackets,https://www.theoutnet.com/api/yoox/ton/search/resources/store/theoutnet_us/productview/byCategory?attrs=true&category=%2Fclothing%2Fjackets%2Fblazers&facet=ads_f10001_ntk_cs%3A%22ALBERTA+FERRETTI%22&locale=en_US&pageNumber=2&pageSize=96,Designer,ALBERTA FERRETTI,9
Clothing,Women,Western,Outerwear,Jackets,https://www.theoutnet.com/api/yoox/ton/search/resources/store/theoutnet_us/productview/byCategory?attrs=true&category=%2Fclothing%2Fjackets%2Fblazers&facet=ads_f10001_ntk_cs%3A%22ALESSANDRA+RICH%22&locale=en_US&pageNumber=2&pageSize=96,Designer,ALESSANDRA RICH,11
Clothing,Women,Western,Outerwear,Jackets,https://www.theoutnet.com/api/yoox/ton/search/resources/store/theoutnet_us/productview/byCategory?attrs=true&category=%2Fclothing%2Fjackets%2Fblazers&facet=ads_f10001_ntk_cs%3A%22ALEX+MILL%22&locale=en_US&pageNumber=2&pageSize=96,Designer,ALEX MILL,7
Clothing,Women,Western,Outerwear,Jackets,https://www.theoutnet.com/api/yoox/ton/search/resources/store/theoutnet_us/productview/byCategory?attrs=true&category=%2Fclothing%2Fjackets%2Fblazers&facet=ads_f10001_ntk_cs%3A%22ALEX+PERRY%22&locale=en_US&pageNumber=2&pageSize=96,Designer,ALEX PERRY,3
Clothing,Women,Western,Outerwear,Jackets,https://www.theoutnet.com/api/yoox/ton/search/resources/store/theoutnet_us/productview/byCategory?attrs=true&category=%2Fclothing%2Fjackets%2Fblazers&facet=ads_f10001_ntk_cs%3A%22ALEXANDER+MCQUEEN%22&locale=en_US&pageNumber=2&pageSize=96,Designer,ALEXANDER MCQUEEN,8
Clothing,Women,Western,Outerwear,Jackets,https://www.theoutnet.com/api/yoox/ton/search/resources/store/theoutnet_us/productview/byCategory?attrs=true&category=%2Fclothing%2Fjackets%2Fblazers&facet=ads_f10001_ntk_cs%3A%22ALEXANDER+WANG%22&locale=en_US&pageNumber=2&pageSize=96,Designer,ALEXANDER WANG,1
Clothing,Women,Western,Outerwear,Jackets,https://www.theoutnet.com/api/yoox/ton/search/resources/store/theoutnet_us/productview/byCategory?attrs=true&category=%2Fclothing%2Fjackets%2Fblazers&facet=ads_f10001_ntk_cs%3A%22ALEXANDRE+VAUTHIER%22&locale=en_US&pageNumber=2&pageSize=96,Designer,ALEXANDRE VAUTHIER,1
Clothing,Women,Western,Outerwear,Jackets,https://www.theoutnet.com/api/yoox/ton/search/resources/store/theoutnet_us/productview/byCategory?attrs=true&category=%2Fclothing%2Fjackets%2Fblazers&facet=ads_f10001_ntk_cs%3A%22ALICE+%2B+OLIVIA%22&locale=en_US&pageNumber=2&pageSize=96,Designer,ALICE + OLIVIA,29
Clothing,Women,Western,Outerwear,Jackets,https://www.theoutnet.com/api/yoox/ton/search/resources/store/theoutnet_us/productview/byCategory?attrs=true&category=%2Fclothing%2Fjackets%2Fblazers&facet=ads_f10001_ntk_cs%3A%22ALICE+%2B+OLIVIA+JEANS%22&locale=en_US&pageNumber=2&pageSize=96,Designer,ALICE + OLIVIA JEANS,4
Clothing,Women,Western,Outerwear,Jackets,https://www.theoutnet.com/api/yoox/ton/search/resources/store/theoutnet_us/productview/byCategory?attrs=true&category=%2Fclothing%2Fjackets%2Fblazers&facet=ads_f10001_ntk_cs%3A%22ALTUZARRA%22&locale=en_US&pageNumber=2&pageSize=96,Designer,ALTUZARRA,5
Clothing,Women,Western,Outerwear,Jackets,https://www.theoutnet.com/api/yoox/ton/search/resources/store/theoutnet_us/productview/byCategory?attrs=true&category=%2Fclothing%2Fjackets%2Fblazers&facet=ads_f10001_ntk_cs%3A%22AMANDA+WAKELEY%22&locale=en_US&pageNumber=2&pageSize=96,Designer,AMANDA WAKELEY,1
Clothing,Women,Western,Outerwear,Jackets,https://www.theoutnet.com/api/yoox/ton/search/resources/store/theoutnet_us/productview/byCategory?attrs=true&category=%2Fclothing%2Fjackets%2Fblazers&facet=ads_f10001_ntk_cs%3A%22AMI+ALEXANDRE+MATTIUSSI%22&locale=en_US&pageNumber=2&pageSize=96,Designer,AMI ALEXANDRE MATTIUSSI,2
Clothing,Women,Western,Outerwear,Jackets,https://www.theoutnet.com/api/yoox/ton/search/resources/store/theoutnet_us/productview/byCategory?attrs=true&category=%2Fclothing%2Fjackets%2Fblazers&facet=ads_f10001_ntk_cs%3A%22ANINE+BING%22&locale=en_US&pageNumber=2&pageSize=96,Designer,ANINE BING,2
Clothing,Women,Western,Outerwear,Jackets,https://www.theoutnet.com/api/yoox/ton/search/resources/store/theoutnet_us/productview/byCategory?attrs=true&category=%2Fclothing%2Fjackets%2Fblazers&facet=ads_f10001_ntk_cs%3A%22ANOTHER+TOMORROW%22&locale=en_US&pageNumber=2&pageSize=96,Designer,ANOTHER TOMORROW,5
Clothing,Women,Western,Outerwear,Jackets,https://www.theoutnet.com/api/yoox/ton/search/resources/store/theoutnet_us/productview/byCategory?attrs=true&category=%2Fclothing%2Fjackets%2Fblazers&facet=ads_f10001_ntk_cs%3A%22AREA%22&locale=en_US&pageNumber=2&pageSize=96,Designer,AREA,1
Clothing,Women,Western,Outerwear,Jackets,https://www.theoutnet.com/api/yoox/ton/search/resources/store/theoutnet_us/productview/byCategory?attrs=true&category=%2Fclothing%2Fjackets%2Fblazers&facet=ads_f10001_ntk_cs%3A%22AZ+FACTORY%22&locale=en_US&pageNumber=2&pageSize=96,Designer,AZ FACTORY,2
Clothing,Women,Western,Outerwear,Jackets,https://www.theoutnet.com/api/yoox/ton/search/resources/store/theoutnet_us/productview/byCategory?attrs=true&category=%2Fclothing%2Fjackets%2Fblazers&facet=ads_f10001_ntk_cs%3A%22BA%26SH%22&locale=en_US&pageNumber=2&pageSize=96,Designer,BA&SH,1
Clothing,Women,Western,Outerwear,Jackets,https://www.theoutnet.com/api/yoox/ton/search/resources/store/theoutnet_us/productview/byCategory?attrs=true&category=%2Fclothing%2Fjackets%2Fblazers&facet=ads_f10001_ntk_cs%3A%22BALENCIAGA%22&locale=en_US&pageNumber=2&pageSize=96,Designer,BALENCIAGA,1
Clothing,Women,Western,Outerwear,Jackets,https://www.theoutnet.com/api/yoox/ton/search/resources/store/theoutnet_us/productview/byCategory?attrs=true&category=%2Fclothing%2Fjackets%2Fblazers&facet=ads_f10001_ntk_cs%3A%22BALMAIN%22&locale=en_US&pageNumber=2&pageSize=96,Designer,BALMAIN,1
Clothing,Women,Western,Outerwear,Jackets,https://www.theoutnet.com/api/yoox/ton/search/resources/store/theoutnet_us/productview/byCategory?attrs=true&category=%2Fclothing%2Fjackets%2Fblazers&facet=ads_f10001_ntk_cs%3A%22BEARE+PARK%22&locale=en_US&pageNumber=2&pageSize=96,Designer,BEARE PARK,8
Clothing,Women,Western,Outerwear,Jackets,https://www.theoutnet.com/api/yoox/ton/search/resources/store/theoutnet_us/productview/byCategory?attrs=true&category=%2Fclothing%2Fjackets%2Fblazers&facet=ads_f10001_ntk_cs%3A%22BITE+STUDIOS%22&locale=en_US&pageNumber=2&pageSize=96,Designer,BITE STUDIOS,4
Clothing,Women,Western,Outerwear,Jackets,https://www.theoutnet.com/api/yoox/ton/search/resources/store/theoutnet_us/productview/byCategory?attrs=true&category=%2Fclothing%2Fjackets%2Fblazers&facet=ads_f10001_ntk_cs%3A%22BOUGUESSA%22&locale=en_US&pageNumber=2&pageSize=96,Designer,BOUGUESSA,5
Clothing,Women,Western,Outerwear,Jackets,https://www.theoutnet.com/api/yoox/ton/search/resources/store/theoutnet_us/productview/byCategory?attrs=true&category=%2Fclothing%2Fjackets%2Fblazers&facet=ads_f10001_ntk_cs%3A%22BOUTIQUE+MOSCHINO%22&locale=en_US&pageNumber=2&pageSize=96,Designer,BOUTIQUE MOSCHINO,2
Clothing,Women,Western,Outerwear,Jackets,https://www.theoutnet.com/api/yoox/ton/search/resources/store/theoutnet_us/productview/byCategory?attrs=true&category=%2Fclothing%2Fjackets%2Fblazers&facet=ads_f10001_ntk_cs%3A%22BRANDON+MAXWELL%22&locale=en_US&pageNumber=2&pageSize=96,Designer,BRANDON MAXWELL,1
Clothing,Women,Western,Outerwear,Jackets,https://www.theoutnet.com/api/yoox/ton/search/resources/store/theoutnet_us/productview/byCategory?attrs=true&category=%2Fclothing%2Fjackets%2Fblazers&facet=ads_f10001_ntk_cs%3A%22BRIONI%22&locale=en_US&pageNumber=2&pageSize=96,Designer,BRIONI,6
Clothing,Women,Western,Outerwear,Jackets,https://www.theoutnet.com/api/yoox/ton/search/resources/store/theoutnet_us/productview/byCategory?attrs=true&category=%2Fclothing%2Fjackets%2Fblazers&facet=ads_f10001_ntk_cs%3A%22BRUNELLO+CUCINELLI%22&locale=en_US&pageNumber=2&pageSize=96,Designer,BRUNELLO CUCINELLI,72
Clothing,Women,Western,Outerwear,Jackets,https://www.theoutnet.com/api/yoox/ton/search/resources/store/theoutnet_us/productview/byCategory?attrs=true&category=%2Fclothing%2Fjackets%2Fblazers&facet=ads_f10001_ntk_cs%3A%22BURBERRY%22&locale=en_US&pageNumber=2&pageSize=96,Designer,BURBERRY,2
Clothing,Women,Western,Outerwear,Jackets,https://www.theoutnet.com/api/yoox/ton/search/resources/store/theoutnet_us/productview/byCategory?attrs=true&category=%2Fclothing%2Fjackets%2Fblazers&facet=ads_f10001_ntk_cs%3A%22BY+MALENE+BIRGER%22&locale=en_US&pageNumber=2&pageSize=96,Designer,BY MALENE BIRGER,12
Clothing,Women,Western,Outerwear,Jackets,https://www.theoutnet.com/api/yoox/ton/search/resources/store/theoutnet_us/productview/byCategory?attrs=true&category=%2Fclothing%2Fjackets%2Fblazers&facet=ads_f10001_ntk_cs%3A%22CAMILLA%22&locale=en_US&pageNumber=2&pageSize=96,Designer,CAMILLA,1
Clothing,Women,Western,Outerwear,Jackets,https://www.theoutnet.com/api/yoox/ton/search/resources/store/theoutnet_us/productview/byCategory?attrs=true&category=%2Fclothing%2Fjackets%2Fblazers&facet=ads_f10001_ntk_cs%3A%22CARA+CARA%22&locale=en_US&pageNumber=2&pageSize=96,Designer,CARA CARA,1
Clothing,Women,Western,Outerwear,Jackets,https://www.theoutnet.com/api/yoox/ton/search/resources/store/theoutnet_us/productview/byCategory?attrs=true&category=%2Fclothing%2Fjackets%2Fblazers&facet=ads_f10001_ntk_cs%3A%22CAROLINA+HERRERA%22&locale=en_US&pageNumber=2&pageSize=96,Designer,CAROLINA HERRERA,1
Clothing,Women,Western,Outerwear,Jackets,https://www.theoutnet.com/api/yoox/ton/search/resources/store/theoutnet_us/productview/byCategory?attrs=true&category=%2Fclothing%2Fjackets%2Fblazers&facet=ads_f10001_ntk_cs%3A%22CEFINN%22&locale=en_US&pageNumber=2&pageSize=96,Designer,CEFINN,1
Clothing,Women,Western,Outerwear,Jackets,https://www.theoutnet.com/api/yoox/ton/search/resources/store/theoutnet_us/productview/byCategory?attrs=true&category=%2Fclothing%2Fjackets%2Fblazers&facet=ads_f10001_ntk_cs%3A%22CHLO%C3%89%22&locale=en_US&pageNumber=2&pageSize=96,Designer,CHLOÉ,2
Clothing,Women,Western,Outerwear,Jackets,https://www.theoutnet.com/api/yoox/ton/search/resources/store/theoutnet_us/productview/byCategory?attrs=true&category=%2Fclothing%2Fjackets%2Fblazers&facet=ads_f10001_ntk_cs%3A%22CHRISTOPHER+ESBER%22&locale=en_US&pageNumber=2&pageSize=96,Designer,CHRISTOPHER ESBER,2
Clothing,Women,Western,Outerwear,Jackets,https://www.theoutnet.com/api/yoox/ton/search/resources/store/theoutnet_us/productview/byCategory?attrs=true&category=%2Fclothing%2Fjackets%2Fblazers&facet=ads_f10001_ntk_cs%3A%22CHRISTOPHER+JOHN+ROGERS%22&locale=en_US&pageNumber=2&pageSize=96,Designer,CHRISTOPHER JOHN ROGERS,3
Clothing,Women,Western,Outerwear,Jackets,https://www.theoutnet.com/api/yoox/ton/search/resources/store/theoutnet_us/productview/byCategory?attrs=true&category=%2Fclothing%2Fjackets%2Fblazers&facet=ads_f10001_ntk_cs%3A%22CHRISTOPHER+KANE%22&locale=en_US&pageNumber=2&pageSize=96,Designer,CHRISTOPHER KANE,1
Clothing,Women,Western,Outerwear,Jackets,https://www.theoutnet.com/api/yoox/ton/search/resources/store/theoutnet_us/productview/byCategory?attrs=true&category=%2Fclothing%2Fjackets%2Fblazers&facet=ads_f10001_ntk_cs%3A%22CO%22&locale=en_US&pageNumber=2&pageSize=96,Designer,CO,5
Clothing,Women,Western,Outerwear,Jackets,https://www.theoutnet.com/api/yoox/ton/search/resources/store/theoutnet_us/productview/byCategory?attrs=true&category=%2Fclothing%2Fjackets%2Fblazers&facet=ads_f10001_ntk_cs%3A%22COPERNI%22&locale=en_US&pageNumber=2&pageSize=96,Designer,COPERNI,2
Clothing,Women,Western,Outerwear,Jackets,https://www.theoutnet.com/api/yoox/ton/search/resources/store/theoutnet_us/productview/byCategory?attrs=true&category=%2Fclothing%2Fjackets%2Fblazers&facet=ads_f10001_ntk_cs%3A%22DAVID+KOMA%22&locale=en_US&pageNumber=2&pageSize=96,Designer,DAVID KOMA,1
Clothing,Women,Western,Outerwear,Jackets,https://www.theoutnet.com/api/yoox/ton/search/resources/store/theoutnet_us/productview/byCategory?attrs=true&category=%2Fclothing%2Fjackets%2Fblazers&facet=ads_f10001_ntk_cs%3A%22DENIMIST%22&locale=en_US&pageNumber=2&pageSize=96,Designer,DENIMIST,1
Clothing,Women,Western,Outerwear,Jackets,https://www.theoutnet.com/api/yoox/ton/search/resources/store/theoutnet_us/productview/byCategory?attrs=true&category=%2Fclothing%2Fjackets%2Fblazers&facet=ads_f10001_ntk_cs%3A%22DEREK+LAM+10+CROSBY%22&locale=en_US&pageNumber=2&pageSize=96,Designer,DEREK LAM 10 CROSBY,25
Clothing,Women,Western,Outerwear,Jackets,https://www.theoutnet.com/api/yoox/ton/search/resources/store/theoutnet_us/productview/byCategory?attrs=true&category=%2Fclothing%2Fjackets%2Fblazers&facet=ads_f10001_ntk_cs%3A%22DIANE+VON+FURSTENBERG%22&locale=en_US&pageNumber=2&pageSize=96,Designer,DIANE VON FURSTENBERG,10
Clothing,Women,Western,Outerwear,Jackets,https://www.theoutnet.com/api/yoox/ton/search/resources/store/theoutnet_us/productview/byCategory?attrs=true&category=%2Fclothing%2Fjackets%2Fblazers&facet=ads_f10001_ntk_cs%3A%22DION+LEE%22&locale=en_US&pageNumber=2&pageSize=96,Designer,DION LEE,1
Clothing,Women,Western,Outerwear,Jackets,https://www.theoutnet.com/api/yoox/ton/search/resources/store/theoutnet_us/productview/byCategory?attrs=true&category=%2Fclothing%2Fjackets%2Fblazers&facet=ads_f10001_ntk_cs%3A%22DOLCE%26GABBANA%22&locale=en_US&pageNumber=2&pageSize=96,Designer,DOLCE&GABBANA,7
Clothing,Women,Western,Outerwear,Jackets,https://www.theoutnet.com/api/yoox/ton/search/resources/store/theoutnet_us/productview/byCategory?attrs=true&category=%2Fclothing%2Fjackets%2Fblazers&facet=ads_f10001_ntk_cs%3A%22DRIES+VAN+NOTEN%22&locale=en_US&pageNumber=2&pageSize=96,Designer,DRIES VAN NOTEN,1
Clothing,Women,Western,Outerwear,Jackets,https://www.theoutnet.com/api/yoox/ton/search/resources/store/theoutnet_us/productview/byCategory?attrs=true&category=%2Fclothing%2Fjackets%2Fblazers&facet=ads_f10001_ntk_cs%3A%22E.L.V.+DENIM+X+THE+OUTNET%22&locale=en_US&pageNumber=2&pageSize=96,Designer,E.L.V. DENIM X THE OUTNET,2
Clothing,Women,Western,Outerwear,Jackets,https://www.theoutnet.com/api/yoox/ton/search/resources/store/theoutnet_us/productview/byCategory?attrs=true&category=%2Fclothing%2Fjackets%2Fblazers&facet=ads_f10001_ntk_cs%3A%22ENVELOPE1976%22&locale=en_US&pageNumber=2&pageSize=96,Designer,ENVELOPE1976,2
Clothing,Women,Western,Outerwear,Jackets,https://www.theoutnet.com/api/yoox/ton/search/resources/store/theoutnet_us/productview/byCategory?attrs=true&category=%2Fclothing%2Fjackets%2Fblazers&facet=ads_f10001_ntk_cs%3A%22EQUIPMENT%22&locale=en_US&pageNumber=2&pageSize=96,Designer,EQUIPMENT,1
Clothing,Women,Western,Outerwear,Jackets,https://www.theoutnet.com/api/yoox/ton/search/resources/store/theoutnet_us/productview/byCategory?attrs=true&category=%2Fclothing%2Fjackets%2Fblazers&facet=ads_f10001_ntk_cs%3A%22ESSE+STUDIOS%22&locale=en_US&pageNumber=2&pageSize=96,Designer,ESSE STUDIOS,1
Clothing,Women,Western,Outerwear,Jackets,https://www.theoutnet.com/api/yoox/ton/search/resources/store/theoutnet_us/productview/byCategory?attrs=true&category=%2Fclothing%2Fjackets%2Fblazers&facet=ads_f10001_ntk_cs%3A%22FARM+RIO%22&locale=en_US&pageNumber=2&pageSize=96,Designer,FARM RIO,1
Clothing,Women,Western,Outerwear,Jackets,https://www.theoutnet.com/api/yoox/ton/search/resources/store/theoutnet_us/productview/byCategory?attrs=true&category=%2Fclothing%2Fjackets%2Fblazers&facet=ads_f10001_ntk_cs%3A%22FENDI%22&locale=en_US&pageNumber=2&pageSize=96,Designer,FENDI,1
Clothing,Women,Western,Outerwear,Jackets,https://www.theoutnet.com/api/yoox/ton/search/resources/store/theoutnet_us/productview/byCategory?attrs=true&category=%2Fclothing%2Fjackets%2Fblazers&facet=ads_f10001_ntk_cs%3A%22FERRAGAMO%22&locale=en_US&pageNumber=2&pageSize=96,Designer,FERRAGAMO,1
Clothing,Women,Western,Outerwear,Jackets,https://www.theoutnet.com/api/yoox/ton/search/resources/store/theoutnet_us/productview/byCategory?attrs=true&category=%2Fclothing%2Fjackets%2Fblazers&facet=ads_f10001_ntk_cs%3A%22FORTELA%22&locale=en_US&pageNumber=2&pageSize=96,Designer,FORTELA,2
Clothing,Women,Western,Outerwear,Jackets,https://www.theoutnet.com/api/yoox/ton/search/resources/store/theoutnet_us/productview/byCategory?attrs=true&category=%2Fclothing%2Fjackets%2Fblazers&facet=ads_f10001_ntk_cs%3A%22FRAME%22&locale=en_US&pageNumber=2&pageSize=96,Designer,FRAME,14
Clothing,Women,Western,Outerwear,Jackets,https://www.theoutnet.com/api/yoox/ton/search/resources/store/theoutnet_us/productview/byCategory?attrs=true&category=%2Fclothing%2Fjackets%2Fblazers&facet=ads_f10001_ntk_cs%3A%22GABRIELA+HEARST%22&locale=en_US&pageNumber=2&pageSize=96,Designer,GABRIELA HEARST,3
Clothing,Women,Western,Outerwear,Jackets,https://www.theoutnet.com/api/yoox/ton/search/resources/store/theoutnet_us/productview/byCategory?attrs=true&category=%2Fclothing%2Fjackets%2Fblazers&facet=ads_f10001_ntk_cs%3A%22GALVAN++LONDON%22&locale=en_US&pageNumber=2&pageSize=96,Designer,GALVAN  LONDON,4
Clothing,Women,Western,Outerwear,Jackets,https://www.theoutnet.com/api/yoox/ton/search/resources/store/theoutnet_us/productview/byCategory?attrs=true&category=%2Fclothing%2Fjackets%2Fblazers&facet=ads_f10001_ntk_cs%3A%22GANNI%22&locale=en_US&pageNumber=2&pageSize=96,Designer,GANNI,16
Clothing,Women,Western,Outerwear,Jackets,https://www.theoutnet.com/api/yoox/ton/search/resources/store/theoutnet_us/productview/byCategory?attrs=true&category=%2Fclothing%2Fjackets%2Fblazers&facet=ads_f10001_ntk_cs%3A%22GANNI+X+LEVI%27S%22&locale=en_US&pageNumber=2&pageSize=96,Designer,GANNI X LEVI'S,1
Clothing,Women,Western,Outerwear,Jackets,https://www.theoutnet.com/api/yoox/ton/search/resources/store/theoutnet_us/productview/byCategory?attrs=true&category=%2Fclothing%2Fjackets%2Fblazers&facet=ads_f10001_ntk_cs%3A%22GAUGE81%22&locale=en_US&pageNumber=2&pageSize=96,Designer,GAUGE81,4
Clothing,Women,Western,Outerwear,Jackets,https://www.theoutnet.com/api/yoox/ton/search/resources/store/theoutnet_us/productview/byCategory?attrs=true&category=%2Fclothing%2Fjackets%2Fblazers&facet=ads_f10001_ntk_cs%3A%22GIULIVA+HERITAGE%22&locale=en_US&pageNumber=2&pageSize=96,Designer,GIULIVA HERITAGE,2
Clothing,Women,Western,Outerwear,Jackets,https://www.theoutnet.com/api/yoox/ton/search/resources/store/theoutnet_us/productview/byCategory?attrs=true&category=%2Fclothing%2Fjackets%2Fblazers&facet=ads_f10001_ntk_cs%3A%22GOOD+AMERICAN%22&locale=en_US&pageNumber=2&pageSize=96,Designer,GOOD AMERICAN,2
Clothing,Women,Western,Outerwear,Jackets,https://www.theoutnet.com/api/yoox/ton/search/resources/store/theoutnet_us/productview/byCategory?attrs=true&category=%2Fclothing%2Fjackets%2Fblazers&facet=ads_f10001_ntk_cs%3A%22GRLFRND%22&locale=en_US&pageNumber=2&pageSize=96,Designer,GRLFRND,1
Clothing,Women,Western,Outerwear,Jackets,https://www.theoutnet.com/api/yoox/ton/search/resources/store/theoutnet_us/productview/byCategory?attrs=true&category=%2Fclothing%2Fjackets%2Fblazers&facet=ads_f10001_ntk_cs%3A%22HALSTON%22&locale=en_US&pageNumber=2&pageSize=96,Designer,HALSTON,1
Clothing,Women,Western,Outerwear,Jackets,https://www.theoutnet.com/api/yoox/ton/search/resources/store/theoutnet_us/productview/byCategory?attrs=true&category=%2Fclothing%2Fjackets%2Fblazers&facet=ads_f10001_ntk_cs%3A%22HELMUT+LANG%22&locale=en_US&pageNumber=2&pageSize=96,Designer,HELMUT LANG,5
Clothing,Women,Western,Outerwear,Jackets,https://www.theoutnet.com/api/yoox/ton/search/resources/store/theoutnet_us/productview/byCategory?attrs=true&category=%2Fclothing%2Fjackets%2Fblazers&facet=ads_f10001_ntk_cs%3A%22HOLZWEILER%22&locale=en_US&pageNumber=2&pageSize=96,Designer,HOLZWEILER,1
Clothing,Women,Western,Outerwear,Jackets,https://www.theoutnet.com/api/yoox/ton/search/resources/store/theoutnet_us/productview/byCategory?attrs=true&category=%2Fclothing%2Fjackets%2Fblazers&facet=ads_f10001_ntk_cs%3A%22HUISHAN+ZHANG%22&locale=en_US&pageNumber=2&pageSize=96,Designer,HUISHAN ZHANG,1
Clothing,Women,Western,Outerwear,Jackets,https://www.theoutnet.com/api/yoox/ton/search/resources/store/theoutnet_us/productview/byCategory?attrs=true&category=%2Fclothing%2Fjackets%2Fblazers&facet=ads_f10001_ntk_cs%3A%22INTERIOR%22&locale=en_US&pageNumber=2&pageSize=96,Designer,INTERIOR,2
Clothing,Women,Western,Outerwear,Jackets,https://www.theoutnet.com/api/yoox/ton/search/resources/store/theoutnet_us/productview/byCategory?attrs=true&category=%2Fclothing%2Fjackets%2Fblazers&facet=ads_f10001_ntk_cs%3A%22IRIS+%26+INK%22&locale=en_US&pageNumber=2&pageSize=96,Designer,IRIS & INK,6
Clothing,Women,Western,Outerwear,Jackets,https://www.theoutnet.com/api/yoox/ton/search/resources/store/theoutnet_us/productview/byCategory?attrs=true&category=%2Fclothing%2Fjackets%2Fblazers&facet=ads_f10001_ntk_cs%3A%22IRO%22&locale=en_US&pageNumber=2&pageSize=96,Designer,IRO,5
Clothing,Women,Western,Outerwear,Jackets,https://www.theoutnet.com/api/yoox/ton/search/resources/store/theoutnet_us/productview/byCategory?attrs=true&category=%2Fclothing%2Fjackets%2Fblazers&facet=ads_f10001_ntk_cs%3A%22ISABEL+MARANT%22&locale=en_US&pageNumber=2&pageSize=96,Designer,ISABEL MARANT,7
Clothing,Women,Western,Outerwear,Jackets,https://www.theoutnet.com/api/yoox/ton/search/resources/store/theoutnet_us/productview/byCategory?attrs=true&category=%2Fclothing%2Fjackets%2Fblazers&facet=ads_f10001_ntk_cs%3A%22JACQUEMUS%22&locale=en_US&pageNumber=2&pageSize=96,Designer,JACQUEMUS,17
Clothing,Women,Western,Outerwear,Jackets,https://www.theoutnet.com/api/yoox/ton/search/resources/store/theoutnet_us/productview/byCategory?attrs=true&category=%2Fclothing%2Fjackets%2Fblazers&facet=ads_f10001_ntk_cs%3A%22JASON+WU+COLLECTION%22&locale=en_US&pageNumber=2&pageSize=96,Designer,JASON WU COLLECTION,1
Clothing,Women,Western,Outerwear,Jackets,https://www.theoutnet.com/api/yoox/ton/search/resources/store/theoutnet_us/productview/byCategory?attrs=true&category=%2Fclothing%2Fjackets%2Fblazers&facet=ads_f10001_ntk_cs%3A%22JIL+SANDER%22&locale=en_US&pageNumber=2&pageSize=96,Designer,JIL SANDER,2
Clothing,Women,Western,Outerwear,Jackets,https://www.theoutnet.com/api/yoox/ton/search/resources/store/theoutnet_us/productview/byCategory?attrs=true&category=%2Fclothing%2Fjackets%2Fblazers&facet=ads_f10001_ntk_cs%3A%22JOSEPH%22&locale=en_US&pageNumber=2&pageSize=96,Designer,JOSEPH,9
Clothing,Women,Western,Outerwear,Jackets,https://www.theoutnet.com/api/yoox/ton/search/resources/store/theoutnet_us/productview/byCategory?attrs=true&category=%2Fclothing%2Fjackets%2Fblazers&facet=ads_f10001_ntk_cs%3A%22JW+ANDERSON%22&locale=en_US&pageNumber=2&pageSize=96,Designer,JW ANDERSON,3
Clothing,Women,Western,Outerwear,Jackets,https://www.theoutnet.com/api/yoox/ton/search/resources/store/theoutnet_us/productview/byCategory?attrs=true&category=%2Fclothing%2Fjackets%2Fblazers&facet=ads_f10001_ntk_cs%3A%22KHAITE%22&locale=en_US&pageNumber=2&pageSize=96,Designer,KHAITE,4
Clothing,Women,Western,Outerwear,Jackets,https://www.theoutnet.com/api/yoox/ton/search/resources/store/theoutnet_us/productview/byCategory?attrs=true&category=%2Fclothing%2Fjackets%2Fblazers&facet=ads_f10001_ntk_cs%3A%22LAFAYETTE+148%22&locale=en_US&pageNumber=2&pageSize=96,Designer,LAFAYETTE 148,2
Clothing,Women,Western,Outerwear,Jackets,https://www.theoutnet.com/api/yoox/ton/search/resources/store/theoutnet_us/productview/byCategory?attrs=true&category=%2Fclothing%2Fjackets%2Fblazers&facet=ads_f10001_ntk_cs%3A%22LESET%22&locale=en_US&pageNumber=2&pageSize=96,Designer,LESET,2
Clothing,Women,Western,Outerwear,Jackets,https://www.theoutnet.com/api/yoox/ton/search/resources/store/theoutnet_us/productview/byCategory?attrs=true&category=%2Fclothing%2Fjackets%2Fblazers&facet=ads_f10001_ntk_cs%3A%22LOULOU+STUDIO%22&locale=en_US&pageNumber=2&pageSize=96,Designer,LOULOU STUDIO,31
Clothing,Women,Western,Outerwear,Jackets,https://www.theoutnet.com/api/yoox/ton/search/resources/store/theoutnet_us/productview/byCategory?attrs=true&category=%2Fclothing%2Fjackets%2Fblazers&facet=ads_f10001_ntk_cs%3A%22LVIR%22&locale=en_US&pageNumber=2&pageSize=96,Designer,LVIR,1
Clothing,Women,Western,Outerwear,Jackets,https://www.theoutnet.com/api/yoox/ton/search/resources/store/theoutnet_us/productview/byCategory?attrs=true&category=%2Fclothing%2Fjackets%2Fblazers&facet=ads_f10001_ntk_cs%3A%22MAGDA+BUTRYM%22&locale=en_US&pageNumber=2&pageSize=96,Designer,MAGDA BUTRYM,4
Clothing,Women,Western,Outerwear,Jackets,https://www.theoutnet.com/api/yoox/ton/search/resources/store/theoutnet_us/productview/byCategory?attrs=true&category=%2Fclothing%2Fjackets%2Fblazers&facet=ads_f10001_ntk_cs%3A%22MAISON+MARGIELA%22&locale=en_US&pageNumber=2&pageSize=96,Designer,MAISON MARGIELA,1
Clothing,Women,Western,Outerwear,Jackets,https://www.theoutnet.com/api/yoox/ton/search/resources/store/theoutnet_us/productview/byCategory?attrs=true&category=%2Fclothing%2Fjackets%2Fblazers&facet=ads_f10001_ntk_cs%3A%22MAJE%22&locale=en_US&pageNumber=2&pageSize=96,Designer,MAJE,20
Clothing,Women,Western,Outerwear,Jackets,https://www.theoutnet.com/api/yoox/ton/search/resources/store/theoutnet_us/productview/byCategory?attrs=true&category=%2Fclothing%2Fjackets%2Fblazers&facet=ads_f10001_ntk_cs%3A%22MARANT+%C3%89TOILE%22&locale=en_US&pageNumber=2&pageSize=96,Designer,MARANT ÉTOILE,9
Clothing,Women,Western,Outerwear,Jackets,https://www.theoutnet.com/api/yoox/ton/search/resources/store/theoutnet_us/productview/byCategory?attrs=true&category=%2Fclothing%2Fjackets%2Fblazers&facet=ads_f10001_ntk_cs%3A%22MARNI%22&locale=en_US&pageNumber=2&pageSize=96,Designer,MARNI,5
Clothing,Women,Western,Outerwear,Jackets,https://www.theoutnet.com/api/yoox/ton/search/resources/store/theoutnet_us/productview/byCategory?attrs=true&category=%2Fclothing%2Fjackets%2Fblazers&facet=ads_f10001_ntk_cs%3A%22MARQUES%27+ALMEIDA%22&locale=en_US&pageNumber=2&pageSize=96,Designer,MARQUES' ALMEIDA,1
Clothing,Women,Western,Outerwear,Jackets,https://www.theoutnet.com/api/yoox/ton/search/resources/store/theoutnet_us/productview/byCategory?attrs=true&category=%2Fclothing%2Fjackets%2Fblazers&facet=ads_f10001_ntk_cs%3A%22MAX+MARA%22&locale=en_US&pageNumber=2&pageSize=96,Designer,MAX MARA,8
Clothing,Women,Western,Outerwear,Jackets,https://www.theoutnet.com/api/yoox/ton/search/resources/store/theoutnet_us/productview/byCategory?attrs=true&category=%2Fclothing%2Fjackets%2Fblazers&facet=ads_f10001_ntk_cs%3A%22MAX+MARA+STUDIO%22&locale=en_US&pageNumber=2&pageSize=96,Designer,MAX MARA STUDIO,1
Clothing,Women,Western,Outerwear,Jackets,https://www.theoutnet.com/api/yoox/ton/search/resources/store/theoutnet_us/productview/byCategory?attrs=true&category=%2Fclothing%2Fjackets%2Fblazers&facet=ads_f10001_ntk_cs%3A%22MICHAEL+KORS+COLLECTION%22&locale=en_US&pageNumber=2&pageSize=96,Designer,MICHAEL KORS COLLECTION,2
Clothing,Women,Western,Outerwear,Jackets,https://www.theoutnet.com/api/yoox/ton/search/resources/store/theoutnet_us/productview/byCategory?attrs=true&category=%2Fclothing%2Fjackets%2Fblazers&facet=ads_f10001_ntk_cs%3A%22MISSONI%22&locale=en_US&pageNumber=2&pageSize=96,Designer,MISSONI,6
Clothing,Women,Western,Outerwear,Jackets,https://www.theoutnet.com/api/yoox/ton/search/resources/store/theoutnet_us/productview/byCategory?attrs=true&category=%2Fclothing%2Fjackets%2Fblazers&facet=ads_f10001_ntk_cs%3A%22MONIQUE+LHUILLIER%22&locale=en_US&pageNumber=2&pageSize=96,Designer,MONIQUE LHUILLIER,1
Clothing,Women,Western,Outerwear,Jackets,https://www.theoutnet.com/api/yoox/ton/search/resources/store/theoutnet_us/productview/byCategory?attrs=true&category=%2Fclothing%2Fjackets%2Fblazers&facet=ads_f10001_ntk_cs%3A%22MOSCHINO%22&locale=en_US&pageNumber=2&pageSize=96,Designer,MOSCHINO,15
Clothing,Women,Western,Outerwear,Jackets,https://www.theoutnet.com/api/yoox/ton/search/resources/store/theoutnet_us/productview/byCategory?attrs=true&category=%2Fclothing%2Fjackets%2Fblazers&facet=ads_f10001_ntk_cs%3A%22MSGM%22&locale=en_US&pageNumber=2&pageSize=96,Designer,MSGM,1
Clothing,Women,Western,Outerwear,Jackets,https://www.theoutnet.com/api/yoox/ton/search/resources/store/theoutnet_us/productview/byCategory?attrs=true&category=%2Fclothing%2Fjackets%2Fblazers&facet=ads_f10001_ntk_cs%3A%22MUGLER%22&locale=en_US&pageNumber=2&pageSize=96,Designer,MUGLER,1
Clothing,Women,Western,Outerwear,Jackets,https://www.theoutnet.com/api/yoox/ton/search/resources/store/theoutnet_us/productview/byCategory?attrs=true&category=%2Fclothing%2Fjackets%2Fblazers&facet=ads_f10001_ntk_cs%3A%22NANUSHKA%22&locale=en_US&pageNumber=2&pageSize=96,Designer,NANUSHKA,2
Clothing,Women,Western,Outerwear,Jackets,https://www.theoutnet.com/api/yoox/ton/search/resources/store/theoutnet_us/productview/byCategory?attrs=true&category=%2Fclothing%2Fjackets%2Fblazers&facet=ads_f10001_ntk_cs%3A%22NICHOLAS%22&locale=en_US&pageNumber=2&pageSize=96,Designer,NICHOLAS,4
Clothing,Women,Western,Outerwear,Jackets,https://www.theoutnet.com/api/yoox/ton/search/resources/store/theoutnet_us/productview/byCategory?attrs=true&category=%2Fclothing%2Fjackets%2Fblazers&facet=ads_f10001_ntk_cs%3A%22NILI+LOTAN%22&locale=en_US&pageNumber=2&pageSize=96,Designer,NILI LOTAN,12
Clothing,Women,Western,Outerwear,Jackets,https://www.theoutnet.com/api/yoox/ton/search/resources/store/theoutnet_us/productview/byCategory?attrs=true&category=%2Fclothing%2Fjackets%2Fblazers&facet=ads_f10001_ntk_cs%3A%22OFF-WHITE%E2%84%A2%22&locale=en_US&pageNumber=2&pageSize=96,Designer,OFF-WHITE™,1
Clothing,Women,Western,Outerwear,Jackets,https://www.theoutnet.com/api/yoox/ton/search/resources/store/theoutnet_us/productview/byCategory?attrs=true&category=%2Fclothing%2Fjackets%2Fblazers&facet=ads_f10001_ntk_cs%3A%22OFFICINE+G%C3%89N%C3%89RALE%22&locale=en_US&pageNumber=2&pageSize=96,Designer,OFFICINE GÉNÉRALE,3
Clothing,Women,Western,Outerwear,Jackets,https://www.theoutnet.com/api/yoox/ton/search/resources/store/theoutnet_us/productview/byCategory?attrs=true&category=%2Fclothing%2Fjackets%2Fblazers&facet=ads_f10001_ntk_cs%3A%22OSCAR+DE+LA+RENTA%22&locale=en_US&pageNumber=2&pageSize=96,Designer,OSCAR DE LA RENTA,9
Clothing,Women,Western,Outerwear,Jackets,https://www.theoutnet.com/api/yoox/ton/search/resources/store/theoutnet_us/productview/byCategory?attrs=true&category=%2Fclothing%2Fjackets%2Fblazers&facet=ads_f10001_ntk_cs%3A%22PAIGE%22&locale=en_US&pageNumber=2&pageSize=96,Designer,PAIGE,2
Clothing,Women,Western,Outerwear,Jackets,https://www.theoutnet.com/api/yoox/ton/search/resources/store/theoutnet_us/productview/byCategory?attrs=true&category=%2Fclothing%2Fjackets%2Fblazers&facet=ads_f10001_ntk_cs%3A%22PARIS+GEORGIA%22&locale=en_US&pageNumber=2&pageSize=96,Designer,PARIS GEORGIA,1
Clothing,Women,Western,Outerwear,Jackets,https://www.theoutnet.com/api/yoox/ton/search/resources/store/theoutnet_us/productview/byCategory?attrs=true&category=%2Fclothing%2Fjackets%2Fblazers&facet=ads_f10001_ntk_cs%3A%22PARTOW%22&locale=en_US&pageNumber=2&pageSize=96,Designer,PARTOW,2
Clothing,Women,Western,Outerwear,Jackets,https://www.theoutnet.com/api/yoox/ton/search/resources/store/theoutnet_us/productview/byCategory?attrs=true&category=%2Fclothing%2Fjackets%2Fblazers&facet=ads_f10001_ntk_cs%3A%22PATOU%22&locale=en_US&pageNumber=2&pageSize=96,Designer,PATOU,1
Clothing,Women,Western,Outerwear,Jackets,https://www.theoutnet.com/api/yoox/ton/search/resources/store/theoutnet_us/productview/byCategory?attrs=true&category=%2Fclothing%2Fjackets%2Fblazers&facet=ads_f10001_ntk_cs%3A%22PETAR+PETROV%22&locale=en_US&pageNumber=2&pageSize=96,Designer,PETAR PETROV,4
Clothing,Women,Western,Outerwear,Jackets,https://www.theoutnet.com/api/yoox/ton/search/resources/store/theoutnet_us/productview/byCategory?attrs=true&category=%2Fclothing%2Fjackets%2Fblazers&facet=ads_f10001_ntk_cs%3A%22PETER+DO%22&locale=en_US&pageNumber=2&pageSize=96,Designer,PETER DO,5
Clothing,Women,Western,Outerwear,Jackets,https://www.theoutnet.com/api/yoox/ton/search/resources/store/theoutnet_us/productview/byCategory?attrs=true&category=%2Fclothing%2Fjackets%2Fblazers&facet=ads_f10001_ntk_cs%3A%22PHILOSOPHY+DI+LORENZO+SERAFINI%22&locale=en_US&pageNumber=2&pageSize=96,Designer,PHILOSOPHY DI LORENZO SERAFINI,4
Clothing,Women,Western,Outerwear,Jackets,https://www.theoutnet.com/api/yoox/ton/search/resources/store/theoutnet_us/productview/byCategory?attrs=true&category=%2Fclothing%2Fjackets%2Fblazers&facet=ads_f10001_ntk_cs%3A%22POLO+RALPH+LAUREN%22&locale=en_US&pageNumber=2&pageSize=96,Designer,POLO RALPH LAUREN,3
Clothing,Women,Western,Outerwear,Jackets,https://www.theoutnet.com/api/yoox/ton/search/resources/store/theoutnet_us/productview/byCategory?attrs=true&category=%2Fclothing%2Fjackets%2Fblazers&facet=ads_f10001_ntk_cs%3A%22PROENZA+SCHOULER%22&locale=en_US&pageNumber=2&pageSize=96,Designer,PROENZA SCHOULER,5
Clothing,Women,Western,Outerwear,Jackets,https://www.theoutnet.com/api/yoox/ton/search/resources/store/theoutnet_us/productview/byCategory?attrs=true&category=%2Fclothing%2Fjackets%2Fblazers&facet=ads_f10001_ntk_cs%3A%22PROENZA+SCHOULER+PSWL%22&locale=en_US&pageNumber=2&pageSize=96,Designer,PROENZA SCHOULER PSWL,2
Clothing,Women,Western,Outerwear,Jackets,https://www.theoutnet.com/api/yoox/ton/search/resources/store/theoutnet_us/productview/byCategory?attrs=true&category=%2Fclothing%2Fjackets%2Fblazers&facet=ads_f10001_ntk_cs%3A%22PUCCI%22&locale=en_US&pageNumber=2&pageSize=96,Designer,PUCCI,1
Clothing,Women,Western,Outerwear,Jackets,https://www.theoutnet.com/api/yoox/ton/search/resources/store/theoutnet_us/productview/byCategory?attrs=true&category=%2Fclothing%2Fjackets%2Fblazers&facet=ads_f10001_ntk_cs%3A%22R13%22&locale=en_US&pageNumber=2&pageSize=96,Designer,R13,3
Clothing,Women,Western,Outerwear,Jackets,https://www.theoutnet.com/api/yoox/ton/search/resources/store/theoutnet_us/productview/byCategory?attrs=true&category=%2Fclothing%2Fjackets%2Fblazers&facet=ads_f10001_ntk_cs%3A%22RAG+%26+BONE%22&locale=en_US&pageNumber=2&pageSize=96,Designer,RAG & BONE,38
Clothing,Women,Western,Outerwear,Jackets,https://www.theoutnet.com/api/yoox/ton/search/resources/store/theoutnet_us/productview/byCategory?attrs=true&category=%2Fclothing%2Fjackets%2Fblazers&facet=ads_f10001_ntk_cs%3A%22REBECCA+VALLANCE%22&locale=en_US&pageNumber=2&pageSize=96,Designer,REBECCA VALLANCE,4
Clothing,Women,Western,Outerwear,Jackets,https://www.theoutnet.com/api/yoox/ton/search/resources/store/theoutnet_us/productview/byCategory?attrs=true&category=%2Fclothing%2Fjackets%2Fblazers&facet=ads_f10001_ntk_cs%3A%22REDVALENTINO%22&locale=en_US&pageNumber=2&pageSize=96,Designer,REDVALENTINO,8
Clothing,Women,Western,Outerwear,Jackets,https://www.theoutnet.com/api/yoox/ton/search/resources/store/theoutnet_us/productview/byCategory?attrs=true&category=%2Fclothing%2Fjackets%2Fblazers&facet=ads_f10001_ntk_cs%3A%22REMAIN+BIRGER+CHRISTENSEN%22&locale=en_US&pageNumber=2&pageSize=96,Designer,REMAIN BIRGER CHRISTENSEN,4
Clothing,Women,Western,Outerwear,Jackets,https://www.theoutnet.com/api/yoox/ton/search/resources/store/theoutnet_us/productview/byCategory?attrs=true&category=%2Fclothing%2Fjackets%2Fblazers&facet=ads_f10001_ntk_cs%3A%22RETROF%C3%8ATE%22&locale=en_US&pageNumber=2&pageSize=96,Designer,RETROFÊTE,2
Clothing,Women,Western,Outerwear,Jackets,https://www.theoutnet.com/api/yoox/ton/search/resources/store/theoutnet_us/productview/byCategory?attrs=true&category=%2Fclothing%2Fjackets%2Fblazers&facet=ads_f10001_ntk_cs%3A%22RICK+OWENS%22&locale=en_US&pageNumber=2&pageSize=96,Designer,RICK OWENS,4
Clothing,Women,Western,Outerwear,Jackets,https://www.theoutnet.com/api/yoox/ton/search/resources/store/theoutnet_us/productview/byCategory?attrs=true&category=%2Fclothing%2Fjackets%2Fblazers&facet=ads_f10001_ntk_cs%3A%22RONNY+KOBO%22&locale=en_US&pageNumber=2&pageSize=96,Designer,RONNY KOBO,1
Clothing,Women,Western,Outerwear,Jackets,https://www.theoutnet.com/api/yoox/ton/search/resources/store/theoutnet_us/productview/byCategory?attrs=true&category=%2Fclothing%2Fjackets%2Fblazers&facet=ads_f10001_ntk_cs%3A%22ROSIE+ASSOULIN%22&locale=en_US&pageNumber=2&pageSize=96,Designer,ROSIE ASSOULIN,2
Clothing,Women,Western,Outerwear,Jackets,https://www.theoutnet.com/api/yoox/ton/search/resources/store/theoutnet_us/productview/byCategory?attrs=true&category=%2Fclothing%2Fjackets%2Fblazers&facet=ads_f10001_ntk_cs%3A%22ROTATE+BIRGER+CHRISTENSEN%22&locale=en_US&pageNumber=2&pageSize=96,Designer,ROTATE BIRGER CHRISTENSEN,3
Clothing,Women,Western,Outerwear,Jackets,https://www.theoutnet.com/api/yoox/ton/search/resources/store/theoutnet_us/productview/byCategory?attrs=true&category=%2Fclothing%2Fjackets%2Fblazers&facet=ads_f10001_ntk_cs%3A%22ROWEN+ROSE%22&locale=en_US&pageNumber=2&pageSize=96,Designer,ROWEN ROSE,4
Clothing,Women,Western,Outerwear,Jackets,https://www.theoutnet.com/api/yoox/ton/search/resources/store/theoutnet_us/productview/byCategory?attrs=true&category=%2Fclothing%2Fjackets%2Fblazers&facet=ads_f10001_ntk_cs%3A%22R%C3%93HE%22&locale=en_US&pageNumber=2&pageSize=96,Designer,RÓHE,9
Clothing,Women,Western,Outerwear,Jackets,https://www.theoutnet.com/api/yoox/ton/search/resources/store/theoutnet_us/productview/byCategory?attrs=true&category=%2Fclothing%2Fjackets%2Fblazers&facet=ads_f10001_ntk_cs%3A%22SAFIYAA%22&locale=en_US&pageNumber=2&pageSize=96,Designer,SAFIYAA,1
Clothing,Women,Western,Outerwear,Jackets,https://www.theoutnet.com/api/yoox/ton/search/resources/store/theoutnet_us/productview/byCategory?attrs=true&category=%2Fclothing%2Fjackets%2Fblazers&facet=ads_f10001_ntk_cs%3A%22SANDRO%22&locale=en_US&pageNumber=2&pageSize=96,Designer,SANDRO,25
Clothing,Women,Western,Outerwear,Jackets,https://www.theoutnet.com/api/yoox/ton/search/resources/store/theoutnet_us/productview/byCategory?attrs=true&category=%2Fclothing%2Fjackets%2Fblazers&facet=ads_f10001_ntk_cs%3A%22SARA+BATTAGLIA%22&locale=en_US&pageNumber=2&pageSize=96,Designer,SARA BATTAGLIA,1
Clothing,Women,Western,Outerwear,Jackets,https://www.theoutnet.com/api/yoox/ton/search/resources/store/theoutnet_us/productview/byCategory?attrs=true&category=%2Fclothing%2Fjackets%2Fblazers&facet=ads_f10001_ntk_cs%3A%22SEA%22&locale=en_US&pageNumber=2&pageSize=96,Designer,SEA,1
Clothing,Women,Western,Outerwear,Jackets,https://www.theoutnet.com/api/yoox/ton/search/resources/store/theoutnet_us/productview/byCategory?attrs=true&category=%2Fclothing%2Fjackets%2Fblazers&facet=ads_f10001_ntk_cs%3A%22SERGIO+HUDSON%22&locale=en_US&pageNumber=2&pageSize=96,Designer,SERGIO HUDSON,4
Clothing,Women,Western,Outerwear,Jackets,https://www.theoutnet.com/api/yoox/ton/search/resources/store/theoutnet_us/productview/byCategory?attrs=true&category=%2Fclothing%2Fjackets%2Fblazers&facet=ads_f10001_ntk_cs%3A%22SIMKHAI%22&locale=en_US&pageNumber=2&pageSize=96,Designer,SIMKHAI,5
Clothing,Women,Western,Outerwear,Jackets,https://www.theoutnet.com/api/yoox/ton/search/resources/store/theoutnet_us/productview/byCategory?attrs=true&category=%2Fclothing%2Fjackets%2Fblazers&facet=ads_f10001_ntk_cs%3A%22STAND+STUDIO%22&locale=en_US&pageNumber=2&pageSize=96,Designer,STAND STUDIO,3
Clothing,Women,Western,Outerwear,Jackets,https://www.theoutnet.com/api/yoox/ton/search/resources/store/theoutnet_us/productview/byCategory?attrs=true&category=%2Fclothing%2Fjackets%2Fblazers&facet=ads_f10001_ntk_cs%3A%22STELLA+MCCARTNEY%22&locale=en_US&pageNumber=2&pageSize=96,Designer,STELLA MCCARTNEY,34
Clothing,Women,Western,Outerwear,Jackets,https://www.theoutnet.com/api/yoox/ton/search/resources/store/theoutnet_us/productview/byCategory?attrs=true&category=%2Fclothing%2Fjackets%2Fblazers&facet=ads_f10001_ntk_cs%3A%22STINE+GOYA%22&locale=en_US&pageNumber=2&pageSize=96,Designer,STINE GOYA,4
Clothing,Women,Western,Outerwear,Jackets,https://www.theoutnet.com/api/yoox/ton/search/resources/store/theoutnet_us/productview/byCategory?attrs=true&category=%2Fclothing%2Fjackets%2Fblazers&facet=ads_f10001_ntk_cs%3A%22THE+ATTICO%22&locale=en_US&pageNumber=2&pageSize=96,Designer,THE ATTICO,3
Clothing,Women,Western,Outerwear,Jackets,https://www.theoutnet.com/api/yoox/ton/search/resources/store/theoutnet_us/productview/byCategory?attrs=true&category=%2Fclothing%2Fjackets%2Fblazers&facet=ads_f10001_ntk_cs%3A%22THEORY%22&locale=en_US&pageNumber=2&pageSize=96,Designer,THEORY,33
Clothing,Women,Western,Outerwear,Jackets,https://www.theoutnet.com/api/yoox/ton/search/resources/store/theoutnet_us/productview/byCategory?attrs=true&category=%2Fclothing%2Fjackets%2Fblazers&facet=ads_f10001_ntk_cs%3A%22THOM+BROWNE%22&locale=en_US&pageNumber=2&pageSize=96,Designer,THOM BROWNE,21
Clothing,Women,Western,Outerwear,Jackets,https://www.theoutnet.com/api/yoox/ton/search/resources/store/theoutnet_us/productview/byCategory?attrs=true&category=%2Fclothing%2Fjackets%2Fblazers&facet=ads_f10001_ntk_cs%3A%22TIBI%22&locale=en_US&pageNumber=2&pageSize=96,Designer,TIBI,2
Clothing,Women,Western,Outerwear,Jackets,https://www.theoutnet.com/api/yoox/ton/search/resources/store/theoutnet_us/productview/byCategory?attrs=true&category=%2Fclothing%2Fjackets%2Fblazers&facet=ads_f10001_ntk_cs%3A%22TOM+FORD%22&locale=en_US&pageNumber=2&pageSize=96,Designer,TOM FORD,11
Clothing,Women,Western,Outerwear,Jackets,https://www.theoutnet.com/api/yoox/ton/search/resources/store/theoutnet_us/productview/byCategory?attrs=true&category=%2Fclothing%2Fjackets%2Fblazers&facet=ads_f10001_ntk_cs%3A%22TORY+BURCH%22&locale=en_US&pageNumber=2&pageSize=96,Designer,TORY BURCH,1
Clothing,Women,Western,Outerwear,Jackets,https://www.theoutnet.com/api/yoox/ton/search/resources/store/theoutnet_us/productview/byCategory?attrs=true&category=%2Fclothing%2Fjackets%2Fblazers&facet=ads_f10001_ntk_cs%3A%22TOTEME%22&locale=en_US&pageNumber=2&pageSize=96,Designer,TOTEME,4
Clothing,Women,Western,Outerwear,Jackets,https://www.theoutnet.com/api/yoox/ton/search/resources/store/theoutnet_us/productview/byCategory?attrs=true&category=%2Fclothing%2Fjackets%2Fblazers&facet=ads_f10001_ntk_cs%3A%22ULLA+JOHNSON%22&locale=en_US&pageNumber=2&pageSize=96,Designer,ULLA JOHNSON,3
Clothing,Women,Western,Outerwear,Jackets,https://www.theoutnet.com/api/yoox/ton/search/resources/store/theoutnet_us/productview/byCategory?attrs=true&category=%2Fclothing%2Fjackets%2Fblazers&facet=ads_f10001_ntk_cs%3A%22VALENTINO+GARAVANI%22&locale=en_US&pageNumber=2&pageSize=96,Designer,VALENTINO GARAVANI,7
Clothing,Women,Western,Outerwear,Jackets,https://www.theoutnet.com/api/yoox/ton/search/resources/store/theoutnet_us/productview/byCategory?attrs=true&category=%2Fclothing%2Fjackets%2Fblazers&facet=ads_f10001_ntk_cs%3A%22VERONICA+BEARD%22&locale=en_US&pageNumber=2&pageSize=96,Designer,VERONICA BEARD,40
Clothing,Women,Western,Outerwear,Jackets,https://www.theoutnet.com/api/yoox/ton/search/resources/store/theoutnet_us/productview/byCategory?attrs=true&category=%2Fclothing%2Fjackets%2Fblazers&facet=ads_f10001_ntk_cs%3A%22VERSACE%22&locale=en_US&pageNumber=2&pageSize=96,Designer,VERSACE,5
Clothing,Women,Western,Outerwear,Jackets,https://www.theoutnet.com/api/yoox/ton/search/resources/store/theoutnet_us/productview/byCategory?attrs=true&category=%2Fclothing%2Fjackets%2Fblazers&facet=ads_f10001_ntk_cs%3A%22VICTORIA+BECKHAM%22&locale=en_US&pageNumber=2&pageSize=96,Designer,VICTORIA BECKHAM,17
Clothing,Women,Western,Outerwear,Jackets,https://www.theoutnet.com/api/yoox/ton/search/resources/store/theoutnet_us/productview/byCategory?attrs=true&category=%2Fclothing%2Fjackets%2Fblazers&facet=ads_f10001_ntk_cs%3A%22VICTORIA%2C+VICTORIA+BECKHAM%22&locale=en_US&pageNumber=2&pageSize=96,Designer,"VICTORIA, VICTORIA BECKHAM",2
Clothing,Women,Western,Outerwear,Jackets,https://www.theoutnet.com/api/yoox/ton/search/resources/store/theoutnet_us/productview/byCategory?attrs=true&category=%2Fclothing%2Fjackets%2Fblazers&facet=ads_f10001_ntk_cs%3A%22VINCE.%22&locale=en_US&pageNumber=2&pageSize=96,Designer,VINCE.,7
Clothing,Women,Western,Outerwear,Jackets,https://www.theoutnet.com/api/yoox/ton/search/resources/store/theoutnet_us/productview/byCategory?attrs=true&category=%2Fclothing%2Fjackets%2Fblazers&facet=ads_f10001_ntk_cs%3A%22ZEYNEP+ARCAY%22&locale=en_US&pageNumber=2&pageSize=96,Designer,ZEYNEP ARCAY,1
Clothing,Women,Western,Outerwear,Jackets,https://www.theoutnet.com/api/yoox/ton/search/resources/store/theoutnet_us/productview/byCategory?attrs=true&category=%2Fclothing%2Fjackets%2Fblazers&facet=ads_f10001_ntk_cs%3A%22ZIMMERMANN%22&locale=en_US&pageNumber=2&pageSize=96,Designer,ZIMMERMANN,22
Clothing,Women,Western,Outerwear,Jackets,https://www.theoutnet.com/api/yoox/ton/search/resources/store/theoutnet_us/productview/byCategory?attrs=true&category=%2Fclothing%2Fjackets%2Fblazers&facet=ads_f10001_ntk_cs%3A%22ZUHAIR+MURAD%22&locale=en_US&pageNumber=2&pageSize=96,Designer,ZUHAIR MURAD,3
Clothing,Women,Western,Outerwear,Jackets,https://www.theoutnet.com/api/yoox/ton/search/resources/store/theoutnet_us/productview/byCategory?attrs=true&category=%2Fclothing%2Fjackets%2Fblazers&facet=ads_f10001_ntk_cs%3A%22%C3%80CHEVAL+PAMPA%22&locale=en_US&pageNumber=2&pageSize=96,Designer,ÀCHEVAL PAMPA,1
Clothing,Women,Western,Outerwear,Jackets,https://www.theoutnet.com/api/yoox/ton/search/resources/store/theoutnet_us/productview/byCategory?attrs=true&category=%2Fclothing%2Fjackets%2Fblazers&facet=ads_f12501_ntk_cs%3A%22Animal+print%22&locale=en_US&pageNumber=2&pageSize=96,Color,Animal print,6
Clothing,Women,Western,Outerwear,Jackets,https://www.theoutnet.com/api/yoox/ton/search/resources/store/theoutnet_us/productview/byCategory?attrs=true&category=%2Fclothing%2Fjackets%2Fblazers&facet=ads_f12501_ntk_cs%3A%22Black%22&locale=en_US&pageNumber=2&pageSize=96,Color,Black,229
Clothing,Women,Western,Outerwear,Jackets,https://www.theoutnet.com/api/yoox/ton/search/resources/store/theoutnet_us/productview/byCategory?attrs=true&category=%2Fclothing%2Fjackets%2Fblazers&facet=ads_f12501_ntk_cs%3A%22Blue%22&locale=en_US&pageNumber=2&pageSize=96,Color,Blue,136
Clothing,Women,Western,Outerwear,Jackets,https://www.theoutnet.com/api/yoox/ton/search/resources/store/theoutnet_us/productview/byCategory?attrs=true&category=%2Fclothing%2Fjackets%2Fblazers&facet=ads_f12501_ntk_cs%3A%22Brown%22&locale=en_US&pageNumber=2&pageSize=96,Color,Brown,50
Clothing,Women,Western,Outerwear,Jackets,https://www.theoutnet.com/api/yoox/ton/search/resources/store/theoutnet_us/productview/byCategory?attrs=true&category=%2Fclothing%2Fjackets%2Fblazers&facet=ads_f12501_ntk_cs%3A%22Burgundy%22&locale=en_US&pageNumber=2&pageSize=96,Color,Burgundy,13
Clothing,Women,Western,Outerwear,Jackets,https://www.theoutnet.com/api/yoox/ton/search/resources/store/theoutnet_us/productview/byCategory?attrs=true&category=%2Fclothing%2Fjackets%2Fblazers&facet=ads_f12501_ntk_cs%3A%22Gray%22&locale=en_US&pageNumber=2&pageSize=96,Color,Gray,106
Clothing,Women,Western,Outerwear,Jackets,https://www.theoutnet.com/api/yoox/ton/search/resources/store/theoutnet_us/productview/byCategory?attrs=true&category=%2Fclothing%2Fjackets%2Fblazers&facet=ads_f12501_ntk_cs%3A%22Green%22&locale=en_US&pageNumber=2&pageSize=96,Color,Green,52
Clothing,Women,Western,Outerwear,Jackets,https://www.theoutnet.com/api/yoox/ton/search/resources/store/theoutnet_us/productview/byCategory?attrs=true&category=%2Fclothing%2Fjackets%2Fblazers&facet=ads_f12501_ntk_cs%3A%22Metallic%22&locale=en_US&pageNumber=2&pageSize=96,Color,Metallic,6
Clothing,Women,Western,Outerwear,Jackets,https://www.theoutnet.com/api/yoox/ton/search/resources/store/theoutnet_us/productview/byCategory?attrs=true&category=%2Fclothing%2Fjackets%2Fblazers&facet=ads_f12501_ntk_cs%3A%22Multicolor%22&locale=en_US&pageNumber=2&pageSize=96,Color,Multicolor,2
Clothing,Women,Western,Outerwear,Jackets,https://www.theoutnet.com/api/yoox/ton/search/resources/store/theoutnet_us/productview/byCategory?attrs=true&category=%2Fclothing%2Fjackets%2Fblazers&facet=ads_f12501_ntk_cs%3A%22Neutral%22&locale=en_US&pageNumber=2&pageSize=96,Color,Neutral,74
Clothing,Women,Western,Outerwear,Jackets,https://www.theoutnet.com/api/yoox/ton/search/resources/store/theoutnet_us/productview/byCategory?attrs=true&category=%2Fclothing%2Fjackets%2Fblazers&facet=ads_f12501_ntk_cs%3A%22Orange%22&locale=en_US&pageNumber=2&pageSize=96,Color,Orange,15
Clothing,Women,Western,Outerwear,Jackets,https://www.theoutnet.com/api/yoox/ton/search/resources/store/theoutnet_us/productview/byCategory?attrs=true&category=%2Fclothing%2Fjackets%2Fblazers&facet=ads_f12501_ntk_cs%3A%22Pink%22&locale=en_US&pageNumber=2&pageSize=96,Color,Pink,66
Clothing,Women,Western,Outerwear,Jackets,https://www.theoutnet.com/api/yoox/ton/search/resources/store/theoutnet_us/productview/byCategory?attrs=true&category=%2Fclothing%2Fjackets%2Fblazers&facet=ads_f12501_ntk_cs%3A%22Purple%22&locale=en_US&pageNumber=2&pageSize=96,Color,Purple,12
Clothing,Women,Western,Outerwear,Jackets,https://www.theoutnet.com/api/yoox/ton/search/resources/store/theoutnet_us/productview/byCategory?attrs=true&category=%2Fclothing%2Fjackets%2Fblazers&facet=ads_f12501_ntk_cs%3A%22Red%22&locale=en_US&pageNumber=2&pageSize=96,Color,Red,25
Clothing,Women,Western,Outerwear,Jackets,https://www.theoutnet.com/api/yoox/ton/search/resources/store/theoutnet_us/productview/byCategory?attrs=true&category=%2Fclothing%2Fjackets%2Fblazers&facet=ads_f12501_ntk_cs%3A%22White%22&locale=en_US&pageNumber=2&pageSize=96,Color,White,132
Clothing,Women,Western,Outerwear,Jackets,https://www.theoutnet.com/api/yoox/ton/search/resources/store/theoutnet_us/productview/byCategory?attrs=true&category=%2Fclothing%2Fjackets%2Fblazers&facet=ads_f12501_ntk_cs%3A%22Yellow%22&locale=en_US&pageNumber=2&pageSize=96,Color,Yellow,19
Clothing,Women,Western,Outerwear,Jackets,https://www.theoutnet.com/api/yoox/ton/search/resources/store/theoutnet_us/productview/byCategory?attrs=true&category=%2Fclothing%2Fjackets%2Fblazers&facet=ads_f35025_ntk_cs%3A%22All+Considered%22&locale=en_US&pageNumber=2&pageSize=96,Considered,All Considered,66
Clothing,Women,Western,Outerwear,Jackets,https://www.theoutnet.com/api/yoox/ton/search/resources/store/theoutnet_us/productview/byCategory?attrs=true&category=%2Fclothing%2Fjackets%2Fblazers&facet=ads_f31011_ntk_cs%3A%22Wool%22&locale=en_US&pageNumber=2&pageSize=96,Fabric,Wool,282
Clothing,Women,Western,Outerwear,Jackets,https://www.theoutnet.com/api/yoox/ton/search/resources/store/theoutnet_us/productview/byCategory?attrs=true&category=%2Fclothing%2Fjackets%2Fblazers&facet=ads_f31011_ntk_cs%3A%22Cotton%22&locale=en_US&pageNumber=2&pageSize=96,Fabric,Cotton,134
Clothing,Women,Western,Outerwear,Jackets,https://www.theoutnet.com/api/yoox/ton/search/resources/store/theoutnet_us/productview/byCategory?attrs=true&category=%2Fclothing%2Fjackets%2Fblazers&facet=ads_f31011_ntk_cs%3A%22Linen%22&locale=en_US&pageNumber=2&pageSize=96,Fabric,Linen,101
Clothing,Women,Western,Outerwear,Jackets,https://www.theoutnet.com/api/yoox/ton/search/resources/store/theoutnet_us/productview/byCategory?attrs=true&category=%2Fclothing%2Fjackets%2Fblazers&facet=ads_f31011_ntk_cs%3A%22Silk%22&locale=en_US&pageNumber=2&pageSize=96,Fabric,Silk,31
Clothing,Women,Western,Outerwear,Jackets,https://www.theoutnet.com/api/yoox/ton/search/resources/store/theoutnet_us/productview/byCategory?attrs=true&category=%2Fclothing%2Fjackets%2Fblazers&facet=ads_f31011_ntk_cs%3A%22Velvet%22&locale=en_US&pageNumber=2&pageSize=96,Fabric,Velvet,30
Clothing,Women,Western,Outerwear,Jackets,https://www.theoutnet.com/api/yoox/ton/search/resources/store/theoutnet_us/productview/byCategory?attrs=true&category=%2Fclothing%2Fjackets%2Fblazers&facet=ads_f31011_ntk_cs%3A%22Denim%22&locale=en_US&pageNumber=2&pageSize=96,Fabric,Denim,19
Clothing,Women,Western,Outerwear,Jackets,https://www.theoutnet.com/api/yoox/ton/search/resources/store/theoutnet_us/productview/byCategory?attrs=true&category=%2Fclothing%2Fjackets%2Fblazers&facet=ads_f31011_ntk_cs%3A%22Cashmere%22&locale=en_US&pageNumber=2&pageSize=96,Fabric,Cashmere,16
Clothing,Women,Western,Outerwear,Jackets,https://www.theoutnet.com/api/yoox/ton/search/resources/store/theoutnet_us/productview/byCategory?attrs=true&category=%2Fclothing%2Fjackets%2Fblazers&facet=ads_f31011_ntk_cs%3A%22Leather%22&locale=en_US&pageNumber=2&pageSize=96,Fabric,Leather,9
Clothing,Women,Western,Outerwear,Jackets,https://www.theoutnet.com/api/yoox/ton/search/resources/store/theoutnet_us/productview/byCategory?attrs=true&category=%2Fclothing%2Fjackets%2Fblazers&facet=ads_f31011_ntk_cs%3A%22Lace%22&locale=en_US&pageNumber=2&pageSize=96,Fabric,Lace,4
Clothing,Women,Western,Outerwear,Coats,https://www.theoutnet.com/api/yoox/ton/search/resources/store/theoutnet_us/productview/byCategory?attrs=true&category=/clothing/dresses/asymmetric-dresses&locale=en_US&pageNumber=2&pageSize=96,Type,Asymmetric Dresses,319
Clothing,Women,Western,Outerwear,Coats,https://www.theoutnet.com/api/yoox/ton/search/resources/store/theoutnet_us/productview/byCategory?attrs=true&category=/clothing/dresses/bridal-dresses&locale=en_US&pageNumber=2&pageSize=96,Type,Bridal Dresses,175
Clothing,Women,Western,Outerwear,Coats,https://www.theoutnet.com/api/yoox/ton/search/resources/store/theoutnet_us/productview/byCategory?attrs=true&category=/clothing/dresses/bridesmaid-dresses&locale=en_US&pageNumber=2&pageSize=96,Type,Bridesmaid Dresses,393
Clothing,Women,Western,Outerwear,Coats,https://www.theoutnet.com/api/yoox/ton/search/resources/store/theoutnet_us/productview/byCategory?attrs=true&category=/clothing/dresses/cocktail-and-party-dresses&locale=en_US&pageNumber=2&pageSize=96,Type,Cocktail And Party Dresses,1277
Clothing,Women,Western,Outerwear,Coats,https://www.theoutnet.com/api/yoox/ton/search/resources/store/theoutnet_us/productview/byCategory?attrs=true&category=/clothing/dresses/embellished-dresses&locale=en_US&pageNumber=2&pageSize=96,Type,Embellished Dresses,1145
Clothing,Women,Western,Outerwear,Coats,https://www.theoutnet.com/api/yoox/ton/search/resources/store/theoutnet_us/productview/byCategory?attrs=true&category=/clothing/dresses/embroidered-dresses&locale=en_US&pageNumber=2&pageSize=96,Type,Embroidered Dresses,221
Clothing,Women,Western,Outerwear,Coats,https://www.theoutnet.com/api/yoox/ton/search/resources/store/theoutnet_us/productview/byCategory?attrs=true&category=/clothing/dresses/evening-dresses&locale=en_US&pageNumber=2&pageSize=96,Type,Evening Dresses,1275
Clothing,Women,Western,Outerwear,Coats,https://www.theoutnet.com/api/yoox/ton/search/resources/store/theoutnet_us/productview/byCategory?attrs=true&category=/clothing/dresses/floral-dresses&locale=en_US&pageNumber=2&pageSize=96,Type,Floral Dresses,1106
Clothing,Women,Western,Outerwear,Coats,https://www.theoutnet.com/api/yoox/ton/search/resources/store/theoutnet_us/productview/byCategory?attrs=true&category=/clothing/dresses/gowns&locale=en_US&pageNumber=2&pageSize=96,Type,Gowns,830
Clothing,Women,Western,Outerwear,Coats,https://www.theoutnet.com/api/yoox/ton/search/resources/store/theoutnet_us/productview/byCategory?attrs=true&category=/clothing/dresses/knee-length-dresses&locale=en_US&pageNumber=2&pageSize=96,Type,Knee-Length Dresses,609
Clothing,Women,Western,Outerwear,Coats,https://www.theoutnet.com/api/yoox/ton/search/resources/store/theoutnet_us/productview/byCategory?attrs=true&category=/clothing/dresses/knit-dresses&locale=en_US&pageNumber=2&pageSize=96,Type,Knit Dresses,1117
Clothing,Women,Western,Outerwear,Coats,https://www.theoutnet.com/api/yoox/ton/search/resources/store/theoutnet_us/productview/byCategory?attrs=true&category=/clothing/dresses/lace-dresses&locale=en_US&pageNumber=2&pageSize=96,Type,Lace Dresses,429
Clothing,Women,Western,Outerwear,Coats,https://www.theoutnet.com/api/yoox/ton/search/resources/store/theoutnet_us/productview/byCategory?attrs=true&category=/clothing/dresses/leather-dresses&locale=en_US&pageNumber=2&pageSize=96,Type,Leather Dresses,80
Clothing,Women,Western,Outerwear,Coats,https://www.theoutnet.com/api/yoox/ton/search/resources/store/theoutnet_us/productview/byCategory?attrs=true&category=/clothing/dresses/little-black-dresses&locale=en_US&pageNumber=2&pageSize=96,Type,Little Black Dresses,843
Clothing,Women,Western,Outerwear,Coats,https://www.theoutnet.com/api/yoox/ton/search/resources/store/theoutnet_us/productview/byCategory?attrs=true&category=/clothing/dresses/maxi-dresses&locale=en_US&pageNumber=2&pageSize=96,Type,Maxi Dresses,1599
Clothing,Women,Western,Outerwear,Coats,https://www.theoutnet.com/api/yoox/ton/search/resources/store/theoutnet_us/productview/byCategory?attrs=true&category=/clothing/dresses/midi-dresses&locale=en_US&pageNumber=2&pageSize=96,Type,Midi Dresses,3150
Clothing,Women,Western,Outerwear,Coats,https://www.theoutnet.com/api/yoox/ton/search/resources/store/theoutnet_us/productview/byCategory?attrs=true&category=/clothing/dresses/mini-dresses&locale=en_US&pageNumber=2&pageSize=96,Type,Mini Dresses,3035
Clothing,Women,Western,Outerwear,Coats,https://www.theoutnet.com/api/yoox/ton/search/resources/store/theoutnet_us/productview/byCategory?attrs=true&category=/clothing/dresses/off-the-shoulder-dresses&locale=en_US&pageNumber=2&pageSize=96,Type,Off The Shoulder Dresses,682
Clothing,Women,Western,Outerwear,Coats,https://www.theoutnet.com/api/yoox/ton/search/resources/store/theoutnet_us/productview/byCategory?attrs=true&category=/clothing/dresses/printed-dresses&locale=en_US&pageNumber=2&pageSize=96,Type,Printed Dresses,2445
Clothing,Women,Western,Outerwear,Coats,https://www.theoutnet.com/api/yoox/ton/search/resources/store/theoutnet_us/productview/byCategory?attrs=true&category=/clothing/dresses/shirt-dresses&locale=en_US&pageNumber=2&pageSize=96,Type,Shirt Dresses,406
Clothing,Women,Western,Outerwear,Coats,https://www.theoutnet.com/api/yoox/ton/search/resources/store/theoutnet_us/productview/byCategory?attrs=true&category=/clothing/dresses/sleeved-dresses&locale=en_US&pageNumber=2&pageSize=96,Type,Sleeved Dresses,329
Clothing,Women,Western,Outerwear,Coats,https://www.theoutnet.com/api/yoox/ton/search/resources/store/theoutnet_us/productview/byCategory?attrs=true&category=/clothing/dresses/slip-dresses&locale=en_US&pageNumber=2&pageSize=96,Type,Slip Dresses,92
Clothing,Women,Western,Outerwear,Coats,https://www.theoutnet.com/api/yoox/ton/search/resources/store/theoutnet_us/productview/byCategory?attrs=true&category=/clothing/dresses/summer-dresses&locale=en_US&pageNumber=2&pageSize=96,Type,Summer Dresses,2081
Clothing,Women,Western,Outerwear,Coats,https://www.theoutnet.com/api/yoox/ton/search/resources/store/theoutnet_us/productview/byCategory?attrs=true&category=/clothing/dresses/velvet-dresses&locale=en_US&pageNumber=2&pageSize=96,Type,Velvet Dresses,175
Clothing,Women,Western,Outerwear,Coats,https://www.theoutnet.com/api/yoox/ton/search/resources/store/theoutnet_us/productview/byCategory?attrs=true&category=/clothing/dresses/wedding-guest-dresses&locale=en_US&pageNumber=2&pageSize=96,Type,Wedding Guest Dresses,1319
Clothing,Women,Western,Outerwear,Coats,https://www.theoutnet.com/api/yoox/ton/search/resources/store/theoutnet_us/productview/byCategory?attrs=true&category=/clothing/dresses/work-dresses&locale=en_US&pageNumber=2&pageSize=96,Type,Work Dresses,582
Clothing,Women,Western,Outerwear,Coats,https://www.theoutnet.com/api/yoox/ton/search/resources/store/theoutnet_us/productview/byCategory?attrs=true&category=/clothing/dresses/wrap-dresses&locale=en_US&pageNumber=2&pageSize=96,Type,Wrap Dresses,212
