Attr_Name,Attr_Value,Product_Category,Category,Subcategory1,Subcategory2,Subcategory3,Url
__,__,Clothing,Women,Western,Topwear,Blouses,https://www.macys.com/xapi/discover/v1/page?pathname=/shop/womens-clothing/all-womens-clothing/womens-tops/Top_style/Blouse&id=255&_navigationType=BROWSE&_shoppingMode=SITE&sortBy=ORIGINAL&productsPerPage=60&pageIndex=2&_application=SITE&_additionalStoreLocations=5133&_regionCode=US&currencyCode=USD&size=medium&spItemsVersion=1.1&utagId=01924d4e5a27001a8f34c6bd74680507d01d3075007e8&visitorId=80934390978429631027343511310562026974&customerId=&_deviceType=DESKTOP&_customerState=GUEST
Type,Button Up,Clothing,Women,Western,Topwear,Shirts,https://www.macys.com/xapi/discover/v1/page?pathname=/shop/womens-clothing/all-womens-clothing/womens-tops/Top_style/Button%20Up&id=255&_navigationType=BROWSE&_shoppingMode=SITE&sortBy=ORIGINAL&productsPerPage=60&pageIndex=2&_application=SITE&_additionalStoreLocations=5133&_regionCode=US&currencyCode=USD&size=medium&spItemsVersion=1.1&utagId=01924d4e5a27001a8f34c6bd74680507d01d3075007e8&visitorId=80934390978429631027343511310562026974&customerId=&_deviceType=DESKTOP&_customerState=GUEST
__,__,Clothing,Women,Western,Topwear,T-Shirts,https://www.macys.com/xapi/discover/v1/page?pathname=/shop/womens-clothing/all-womens-clothing/womens-tops/Dress_style/T-Shirt&id=255&_navigationType=BROWSE&_shoppingMode=SITE&sortBy=ORIGINAL&productsPerPage=60&pageIndex=2&_application=SITE&_additionalStoreLocations=5133&_regionCode=US&currencyCode=USD&size=medium&spItemsVersion=1.1&utagId=01924d4e5a27001a8f34c6bd74680507d01d3075007e8&visitorId=80934390978429631027343511310562026974&customerId=&_deviceType=DESKTOP&_customerState=GUEST
__,__,Clothing,Women,Western,Topwear,T-Shirts,https://www.macys.com/xapi/discover/v1/page?pathname=/shop/womens-clothing/all-womens-clothing/womens-tops/Top_style/T-Shirt&id=255&_navigationType=BROWSE&_shoppingMode=SITE&sortBy=ORIGINAL&productsPerPage=60&pageIndex=2&_application=SITE&_additionalStoreLocations=5133&_regionCode=US&currencyCode=USD&size=medium&spItemsVersion=1.1&utagId=01924d4e5a27001a8f34c6bd74680507d01d3075007e8&visitorId=80934390978429631027343511310562026974&customerId=&_deviceType=DESKTOP&_customerState=GUEST
Occasion,Active & Workout,Clothing,Women,Western,Topwear,Tops,https://www.macys.com/xapi/discover/v1/page?pathname=/shop/womens-clothing/all-womens-clothing/womens-tops/Occasion/Active%20%26%20Workout&id=255&_navigationType=BROWSE&_shoppingMode=SITE&sortBy=ORIGINAL&productsPerPage=60&pageIndex=2&_application=SITE&_additionalStoreLocations=5133&_regionCode=US&currencyCode=USD&size=medium&spItemsVersion=1.1&utagId=01924d4e5a27001a8f34c6bd74680507d01d3075007e8&visitorId=80934390978429631027343511310562026974&customerId=&_deviceType=DESKTOP&_customerState=GUEST
Occasion,Bridesmaid,Clothing,Women,Western,Topwear,Tops,https://www.macys.com/xapi/discover/v1/page?pathname=/shop/womens-clothing/all-womens-clothing/womens-tops/Occasion/Bridesmaid&id=255&_navigationType=BROWSE&_shoppingMode=SITE&sortBy=ORIGINAL&productsPerPage=60&pageIndex=2&_application=SITE&_additionalStoreLocations=5133&_regionCode=US&currencyCode=USD&size=medium&spItemsVersion=1.1&utagId=01924d4e5a27001a8f34c6bd74680507d01d3075007e8&visitorId=80934390978429631027343511310562026974&customerId=&_deviceType=DESKTOP&_customerState=GUEST
Occasion,Casual,Clothing,Women,Western,Topwear,Tops,https://www.macys.com/xapi/discover/v1/page?pathname=/shop/womens-clothing/all-womens-clothing/womens-tops/Occasion/Casual&id=255&_navigationType=BROWSE&_shoppingMode=SITE&sortBy=ORIGINAL&productsPerPage=60&pageIndex=2&_application=SITE&_additionalStoreLocations=5133&_regionCode=US&currencyCode=USD&size=medium&spItemsVersion=1.1&utagId=01924d4e5a27001a8f34c6bd74680507d01d3075007e8&visitorId=80934390978429631027343511310562026974&customerId=&_deviceType=DESKTOP&_customerState=GUEST
Occasion,Day,Clothing,Women,Western,Topwear,Tops,https://www.macys.com/xapi/discover/v1/page?pathname=/shop/womens-clothing/all-womens-clothing/womens-tops/Occasion/Day&id=255&_navigationType=BROWSE&_shoppingMode=SITE&sortBy=ORIGINAL&productsPerPage=60&pageIndex=2&_application=SITE&_additionalStoreLocations=5133&_regionCode=US&currencyCode=USD&size=medium&spItemsVersion=1.1&utagId=01924d4e5a27001a8f34c6bd74680507d01d3075007e8&visitorId=80934390978429631027343511310562026974&customerId=&_deviceType=DESKTOP&_customerState=GUEST
Occasion,Evening,Clothing,Women,Western,Topwear,Tops,https://www.macys.com/xapi/discover/v1/page?pathname=/shop/womens-clothing/all-womens-clothing/womens-tops/Occasion/Evening&id=255&_navigationType=BROWSE&_shoppingMode=SITE&sortBy=ORIGINAL&productsPerPage=60&pageIndex=2&_application=SITE&_additionalStoreLocations=5133&_regionCode=US&currencyCode=USD&size=medium&spItemsVersion=1.1&utagId=01924d4e5a27001a8f34c6bd74680507d01d3075007e8&visitorId=80934390978429631027343511310562026974&customerId=&_deviceType=DESKTOP&_customerState=GUEST
Occasion,Formal,Clothing,Women,Western,Topwear,Tops,https://www.macys.com/xapi/discover/v1/page?pathname=/shop/womens-clothing/all-womens-clothing/womens-tops/Occasion/Formal&id=255&_navigationType=BROWSE&_shoppingMode=SITE&sortBy=ORIGINAL&productsPerPage=60&pageIndex=2&_application=SITE&_additionalStoreLocations=5133&_regionCode=US&currencyCode=USD&size=medium&spItemsVersion=1.1&utagId=01924d4e5a27001a8f34c6bd74680507d01d3075007e8&visitorId=80934390978429631027343511310562026974&customerId=&_deviceType=DESKTOP&_customerState=GUEST
Occasion,Going Out,Clothing,Women,Western,Topwear,Tops,https://www.macys.com/xapi/discover/v1/page?pathname=/shop/womens-clothing/all-womens-clothing/womens-tops/Occasion/Going%20Out&id=255&_navigationType=BROWSE&_shoppingMode=SITE&sortBy=ORIGINAL&productsPerPage=60&pageIndex=2&_application=SITE&_additionalStoreLocations=5133&_regionCode=US&currencyCode=USD&size=medium&spItemsVersion=1.1&utagId=01924d4e5a27001a8f34c6bd74680507d01d3075007e8&visitorId=80934390978429631027343511310562026974&customerId=&_deviceType=DESKTOP&_customerState=GUEST
Occasion,Graduation,Clothing,Women,Western,Topwear,Tops,https://www.macys.com/xapi/discover/v1/page?pathname=/shop/womens-clothing/all-womens-clothing/womens-tops/Occasion/Graduation&id=255&_navigationType=BROWSE&_shoppingMode=SITE&sortBy=ORIGINAL&productsPerPage=60&pageIndex=2&_application=SITE&_additionalStoreLocations=5133&_regionCode=US&currencyCode=USD&size=medium&spItemsVersion=1.1&utagId=01924d4e5a27001a8f34c6bd74680507d01d3075007e8&visitorId=80934390978429631027343511310562026974&customerId=&_deviceType=DESKTOP&_customerState=GUEST
Occasion,Homecoming,Clothing,Women,Western,Topwear,Tops,https://www.macys.com/xapi/discover/v1/page?pathname=/shop/womens-clothing/all-womens-clothing/womens-tops/Occasion/Homecoming&id=255&_navigationType=BROWSE&_shoppingMode=SITE&sortBy=ORIGINAL&productsPerPage=60&pageIndex=2&_application=SITE&_additionalStoreLocations=5133&_regionCode=US&currencyCode=USD&size=medium&spItemsVersion=1.1&utagId=01924d4e5a27001a8f34c6bd74680507d01d3075007e8&visitorId=80934390978429631027343511310562026974&customerId=&_deviceType=DESKTOP&_customerState=GUEST
Occasion,Mother of the Bride or Groom,Clothing,Women,Western,Topwear,Tops,https://www.macys.com/xapi/discover/v1/page?pathname=/shop/womens-clothing/all-womens-clothing/womens-tops/Occasion/Mother%20of%20the%20Bride%20or%20Groom&id=255&_navigationType=BROWSE&_shoppingMode=SITE&sortBy=ORIGINAL&productsPerPage=60&pageIndex=2&_application=SITE&_additionalStoreLocations=5133&_regionCode=US&currencyCode=USD&size=medium&spItemsVersion=1.1&utagId=01924d4e5a27001a8f34c6bd74680507d01d3075007e8&visitorId=80934390978429631027343511310562026974&customerId=&_deviceType=DESKTOP&_customerState=GUEST
Occasion,Outdoor,Clothing,Women,Western,Topwear,Tops,https://www.macys.com/xapi/discover/v1/page?pathname=/shop/womens-clothing/all-womens-clothing/womens-tops/Occasion/Outdoor&id=255&_navigationType=BROWSE&_shoppingMode=SITE&sortBy=ORIGINAL&productsPerPage=60&pageIndex=2&_application=SITE&_additionalStoreLocations=5133&_regionCode=US&currencyCode=USD&size=medium&spItemsVersion=1.1&utagId=01924d4e5a27001a8f34c6bd74680507d01d3075007e8&visitorId=80934390978429631027343511310562026974&customerId=&_deviceType=DESKTOP&_customerState=GUEST
Occasion,Party,Clothing,Women,Western,Topwear,Tops,https://www.macys.com/xapi/discover/v1/page?pathname=/shop/womens-clothing/all-womens-clothing/womens-tops/Occasion/Party&id=255&_navigationType=BROWSE&_shoppingMode=SITE&sortBy=ORIGINAL&productsPerPage=60&pageIndex=2&_application=SITE&_additionalStoreLocations=5133&_regionCode=US&currencyCode=USD&size=medium&spItemsVersion=1.1&utagId=01924d4e5a27001a8f34c6bd74680507d01d3075007e8&visitorId=80934390978429631027343511310562026974&customerId=&_deviceType=DESKTOP&_customerState=GUEST
Occasion,Party/Cocktail,Clothing,Women,Western,Topwear,Tops,https://www.macys.com/xapi/discover/v1/page?pathname=/shop/womens-clothing/all-womens-clothing/womens-tops/Occasion/Party%2FCocktail&id=255&_navigationType=BROWSE&_shoppingMode=SITE&sortBy=ORIGINAL&productsPerPage=60&pageIndex=2&_application=SITE&_additionalStoreLocations=5133&_regionCode=US&currencyCode=USD&size=medium&spItemsVersion=1.1&utagId=01924d4e5a27001a8f34c6bd74680507d01d3075007e8&visitorId=80934390978429631027343511310562026974&customerId=&_deviceType=DESKTOP&_customerState=GUEST
Occasion,Patriotic,Clothing,Women,Western,Topwear,Tops,https://www.macys.com/xapi/discover/v1/page?pathname=/shop/womens-clothing/all-womens-clothing/womens-tops/Occasion/Patriotic&id=255&_navigationType=BROWSE&_shoppingMode=SITE&sortBy=ORIGINAL&productsPerPage=60&pageIndex=2&_application=SITE&_additionalStoreLocations=5133&_regionCode=US&currencyCode=USD&size=medium&spItemsVersion=1.1&utagId=01924d4e5a27001a8f34c6bd74680507d01d3075007e8&visitorId=80934390978429631027343511310562026974&customerId=&_deviceType=DESKTOP&_customerState=GUEST
Occasion,Prom,Clothing,Women,Western,Topwear,Tops,https://www.macys.com/xapi/discover/v1/page?pathname=/shop/womens-clothing/all-womens-clothing/womens-tops/Occasion/Prom&id=255&_navigationType=BROWSE&_shoppingMode=SITE&sortBy=ORIGINAL&productsPerPage=60&pageIndex=2&_application=SITE&_additionalStoreLocations=5133&_regionCode=US&currencyCode=USD&size=medium&spItemsVersion=1.1&utagId=01924d4e5a27001a8f34c6bd74680507d01d3075007e8&visitorId=80934390978429631027343511310562026974&customerId=&_deviceType=DESKTOP&_customerState=GUEST
Occasion,Special Occasion,Clothing,Women,Western,Topwear,Tops,https://www.macys.com/xapi/discover/v1/page?pathname=/shop/womens-clothing/all-womens-clothing/womens-tops/Occasion/Special%20Occasion&id=255&_navigationType=BROWSE&_shoppingMode=SITE&sortBy=ORIGINAL&productsPerPage=60&pageIndex=2&_application=SITE&_additionalStoreLocations=5133&_regionCode=US&currencyCode=USD&size=medium&spItemsVersion=1.1&utagId=01924d4e5a27001a8f34c6bd74680507d01d3075007e8&visitorId=80934390978429631027343511310562026974&customerId=&_deviceType=DESKTOP&_customerState=GUEST
Occasion,Spring,Clothing,Women,Western,Topwear,Tops,https://www.macys.com/xapi/discover/v1/page?pathname=/shop/womens-clothing/all-womens-clothing/womens-tops/Occasion/Spring&id=255&_navigationType=BROWSE&_shoppingMode=SITE&sortBy=ORIGINAL&productsPerPage=60&pageIndex=2&_application=SITE&_additionalStoreLocations=5133&_regionCode=US&currencyCode=USD&size=medium&spItemsVersion=1.1&utagId=01924d4e5a27001a8f34c6bd74680507d01d3075007e8&visitorId=80934390978429631027343511310562026974&customerId=&_deviceType=DESKTOP&_customerState=GUEST
Occasion,Summer,Clothing,Women,Western,Topwear,Tops,https://www.macys.com/xapi/discover/v1/page?pathname=/shop/womens-clothing/all-womens-clothing/womens-tops/Occasion/Summer&id=255&_navigationType=BROWSE&_shoppingMode=SITE&sortBy=ORIGINAL&productsPerPage=60&pageIndex=2&_application=SITE&_additionalStoreLocations=5133&_regionCode=US&currencyCode=USD&size=medium&spItemsVersion=1.1&utagId=01924d4e5a27001a8f34c6bd74680507d01d3075007e8&visitorId=80934390978429631027343511310562026974&customerId=&_deviceType=DESKTOP&_customerState=GUEST
Occasion,Vacation,Clothing,Women,Western,Topwear,Tops,https://www.macys.com/xapi/discover/v1/page?pathname=/shop/womens-clothing/all-womens-clothing/womens-tops/Occasion/Vacation&id=255&_navigationType=BROWSE&_shoppingMode=SITE&sortBy=ORIGINAL&productsPerPage=60&pageIndex=2&_application=SITE&_additionalStoreLocations=5133&_regionCode=US&currencyCode=USD&size=medium&spItemsVersion=1.1&utagId=01924d4e5a27001a8f34c6bd74680507d01d3075007e8&visitorId=80934390978429631027343511310562026974&customerId=&_deviceType=DESKTOP&_customerState=GUEST
Occasion,Wedding,Clothing,Women,Western,Topwear,Tops,https://www.macys.com/xapi/discover/v1/page?pathname=/shop/womens-clothing/all-womens-clothing/womens-tops/Occasion/Wedding&id=255&_navigationType=BROWSE&_shoppingMode=SITE&sortBy=ORIGINAL&productsPerPage=60&pageIndex=2&_application=SITE&_additionalStoreLocations=5133&_regionCode=US&currencyCode=USD&size=medium&spItemsVersion=1.1&utagId=01924d4e5a27001a8f34c6bd74680507d01d3075007e8&visitorId=80934390978429631027343511310562026974&customerId=&_deviceType=DESKTOP&_customerState=GUEST
Occasion,Wedding Guest,Clothing,Women,Western,Topwear,Tops,https://www.macys.com/xapi/discover/v1/page?pathname=/shop/womens-clothing/all-womens-clothing/womens-tops/Occasion/Wedding%20Guest&id=255&_navigationType=BROWSE&_shoppingMode=SITE&sortBy=ORIGINAL&productsPerPage=60&pageIndex=2&_application=SITE&_additionalStoreLocations=5133&_regionCode=US&currencyCode=USD&size=medium&spItemsVersion=1.1&utagId=01924d4e5a27001a8f34c6bd74680507d01d3075007e8&visitorId=80934390978429631027343511310562026974&customerId=&_deviceType=DESKTOP&_customerState=GUEST
Occasion,Work,Clothing,Women,Western,Topwear,Tops,https://www.macys.com/xapi/discover/v1/page?pathname=/shop/womens-clothing/all-womens-clothing/womens-tops/Occasion/Work&id=255&_navigationType=BROWSE&_shoppingMode=SITE&sortBy=ORIGINAL&productsPerPage=60&pageIndex=2&_application=SITE&_additionalStoreLocations=5133&_regionCode=US&currencyCode=USD&size=medium&spItemsVersion=1.1&utagId=01924d4e5a27001a8f34c6bd74680507d01d3075007e8&visitorId=80934390978429631027343511310562026974&customerId=&_deviceType=DESKTOP&_customerState=GUEST
Color,Black,Clothing,Women,Western,Topwear,Tops,https://www.macys.com/xapi/discover/v1/page?pathname=/shop/womens-clothing/all-womens-clothing/womens-tops/Color_normal/Black&id=255&_navigationType=BROWSE&_shoppingMode=SITE&sortBy=ORIGINAL&productsPerPage=60&pageIndex=2&_application=SITE&_additionalStoreLocations=5133&_regionCode=US&currencyCode=USD&size=medium&spItemsVersion=1.1&utagId=01924d4e5a27001a8f34c6bd74680507d01d3075007e8&visitorId=80934390978429631027343511310562026974&customerId=&_deviceType=DESKTOP&_customerState=GUEST
Color,Blue,Clothing,Women,Western,Topwear,Tops,https://www.macys.com/xapi/discover/v1/page?pathname=/shop/womens-clothing/all-womens-clothing/womens-tops/Color_normal/Blue&id=255&_navigationType=BROWSE&_shoppingMode=SITE&sortBy=ORIGINAL&productsPerPage=60&pageIndex=2&_application=SITE&_additionalStoreLocations=5133&_regionCode=US&currencyCode=USD&size=medium&spItemsVersion=1.1&utagId=01924d4e5a27001a8f34c6bd74680507d01d3075007e8&visitorId=80934390978429631027343511310562026974&customerId=&_deviceType=DESKTOP&_customerState=GUEST
Color,Brown,Clothing,Women,Western,Topwear,Tops,https://www.macys.com/xapi/discover/v1/page?pathname=/shop/womens-clothing/all-womens-clothing/womens-tops/Color_normal/Brown&id=255&_navigationType=BROWSE&_shoppingMode=SITE&sortBy=ORIGINAL&productsPerPage=60&pageIndex=2&_application=SITE&_additionalStoreLocations=5133&_regionCode=US&currencyCode=USD&size=medium&spItemsVersion=1.1&utagId=01924d4e5a27001a8f34c6bd74680507d01d3075007e8&visitorId=80934390978429631027343511310562026974&customerId=&_deviceType=DESKTOP&_customerState=GUEST
Color,Gold,Clothing,Women,Western,Topwear,Tops,https://www.macys.com/xapi/discover/v1/page?pathname=/shop/womens-clothing/all-womens-clothing/womens-tops/Color_normal/Gold&id=255&_navigationType=BROWSE&_shoppingMode=SITE&sortBy=ORIGINAL&productsPerPage=60&pageIndex=2&_application=SITE&_additionalStoreLocations=5133&_regionCode=US&currencyCode=USD&size=medium&spItemsVersion=1.1&utagId=01924d4e5a27001a8f34c6bd74680507d01d3075007e8&visitorId=80934390978429631027343511310562026974&customerId=&_deviceType=DESKTOP&_customerState=GUEST
Color,Gray,Clothing,Women,Western,Topwear,Tops,https://www.macys.com/xapi/discover/v1/page?pathname=/shop/womens-clothing/all-womens-clothing/womens-tops/Color_normal/Gray&id=255&_navigationType=BROWSE&_shoppingMode=SITE&sortBy=ORIGINAL&productsPerPage=60&pageIndex=2&_application=SITE&_additionalStoreLocations=5133&_regionCode=US&currencyCode=USD&size=medium&spItemsVersion=1.1&utagId=01924d4e5a27001a8f34c6bd74680507d01d3075007e8&visitorId=80934390978429631027343511310562026974&customerId=&_deviceType=DESKTOP&_customerState=GUEST
Color,Green,Clothing,Women,Western,Topwear,Tops,https://www.macys.com/xapi/discover/v1/page?pathname=/shop/womens-clothing/all-womens-clothing/womens-tops/Color_normal/Green&id=255&_navigationType=BROWSE&_shoppingMode=SITE&sortBy=ORIGINAL&productsPerPage=60&pageIndex=2&_application=SITE&_additionalStoreLocations=5133&_regionCode=US&currencyCode=USD&size=medium&spItemsVersion=1.1&utagId=01924d4e5a27001a8f34c6bd74680507d01d3075007e8&visitorId=80934390978429631027343511310562026974&customerId=&_deviceType=DESKTOP&_customerState=GUEST
Color,Ivory/Cream,Clothing,Women,Western,Topwear,Tops,https://www.macys.com/xapi/discover/v1/page?pathname=/shop/womens-clothing/all-womens-clothing/womens-tops/Color_normal/Ivory%2FCream&id=255&_navigationType=BROWSE&_shoppingMode=SITE&sortBy=ORIGINAL&productsPerPage=60&pageIndex=2&_application=SITE&_additionalStoreLocations=5133&_regionCode=US&currencyCode=USD&size=medium&spItemsVersion=1.1&utagId=01924d4e5a27001a8f34c6bd74680507d01d3075007e8&visitorId=80934390978429631027343511310562026974&customerId=&_deviceType=DESKTOP&_customerState=GUEST
Color,Multi,Clothing,Women,Western,Topwear,Tops,https://www.macys.com/xapi/discover/v1/page?pathname=/shop/womens-clothing/all-womens-clothing/womens-tops/Color_normal/Multi&id=255&_navigationType=BROWSE&_shoppingMode=SITE&sortBy=ORIGINAL&productsPerPage=60&pageIndex=2&_application=SITE&_additionalStoreLocations=5133&_regionCode=US&currencyCode=USD&size=medium&spItemsVersion=1.1&utagId=01924d4e5a27001a8f34c6bd74680507d01d3075007e8&visitorId=80934390978429631027343511310562026974&customerId=&_deviceType=DESKTOP&_customerState=GUEST
Color,Orange,Clothing,Women,Western,Topwear,Tops,https://www.macys.com/xapi/discover/v1/page?pathname=/shop/womens-clothing/all-womens-clothing/womens-tops/Color_normal/Orange&id=255&_navigationType=BROWSE&_shoppingMode=SITE&sortBy=ORIGINAL&productsPerPage=60&pageIndex=2&_application=SITE&_additionalStoreLocations=5133&_regionCode=US&currencyCode=USD&size=medium&spItemsVersion=1.1&utagId=01924d4e5a27001a8f34c6bd74680507d01d3075007e8&visitorId=80934390978429631027343511310562026974&customerId=&_deviceType=DESKTOP&_customerState=GUEST
Color,Pink,Clothing,Women,Western,Topwear,Tops,https://www.macys.com/xapi/discover/v1/page?pathname=/shop/womens-clothing/all-womens-clothing/womens-tops/Color_normal/Pink&id=255&_navigationType=BROWSE&_shoppingMode=SITE&sortBy=ORIGINAL&productsPerPage=60&pageIndex=2&_application=SITE&_additionalStoreLocations=5133&_regionCode=US&currencyCode=USD&size=medium&spItemsVersion=1.1&utagId=01924d4e5a27001a8f34c6bd74680507d01d3075007e8&visitorId=80934390978429631027343511310562026974&customerId=&_deviceType=DESKTOP&_customerState=GUEST
Color,Purple,Clothing,Women,Western,Topwear,Tops,https://www.macys.com/xapi/discover/v1/page?pathname=/shop/womens-clothing/all-womens-clothing/womens-tops/Color_normal/Purple&id=255&_navigationType=BROWSE&_shoppingMode=SITE&sortBy=ORIGINAL&productsPerPage=60&pageIndex=2&_application=SITE&_additionalStoreLocations=5133&_regionCode=US&currencyCode=USD&size=medium&spItemsVersion=1.1&utagId=01924d4e5a27001a8f34c6bd74680507d01d3075007e8&visitorId=80934390978429631027343511310562026974&customerId=&_deviceType=DESKTOP&_customerState=GUEST
Color,Red,Clothing,Women,Western,Topwear,Tops,https://www.macys.com/xapi/discover/v1/page?pathname=/shop/womens-clothing/all-womens-clothing/womens-tops/Color_normal/Red&id=255&_navigationType=BROWSE&_shoppingMode=SITE&sortBy=ORIGINAL&productsPerPage=60&pageIndex=2&_application=SITE&_additionalStoreLocations=5133&_regionCode=US&currencyCode=USD&size=medium&spItemsVersion=1.1&utagId=01924d4e5a27001a8f34c6bd74680507d01d3075007e8&visitorId=80934390978429631027343511310562026974&customerId=&_deviceType=DESKTOP&_customerState=GUEST
Color,Silver,Clothing,Women,Western,Topwear,Tops,https://www.macys.com/xapi/discover/v1/page?pathname=/shop/womens-clothing/all-womens-clothing/womens-tops/Color_normal/Silver&id=255&_navigationType=BROWSE&_shoppingMode=SITE&sortBy=ORIGINAL&productsPerPage=60&pageIndex=2&_application=SITE&_additionalStoreLocations=5133&_regionCode=US&currencyCode=USD&size=medium&spItemsVersion=1.1&utagId=01924d4e5a27001a8f34c6bd74680507d01d3075007e8&visitorId=80934390978429631027343511310562026974&customerId=&_deviceType=DESKTOP&_customerState=GUEST
Color,Tan/Beige,Clothing,Women,Western,Topwear,Tops,https://www.macys.com/xapi/discover/v1/page?pathname=/shop/womens-clothing/all-womens-clothing/womens-tops/Color_normal/Tan%2FBeige&id=255&_navigationType=BROWSE&_shoppingMode=SITE&sortBy=ORIGINAL&productsPerPage=60&pageIndex=2&_application=SITE&_additionalStoreLocations=5133&_regionCode=US&currencyCode=USD&size=medium&spItemsVersion=1.1&utagId=01924d4e5a27001a8f34c6bd74680507d01d3075007e8&visitorId=80934390978429631027343511310562026974&customerId=&_deviceType=DESKTOP&_customerState=GUEST
Color,White,Clothing,Women,Western,Topwear,Tops,https://www.macys.com/xapi/discover/v1/page?pathname=/shop/womens-clothing/all-womens-clothing/womens-tops/Color_normal/White&id=255&_navigationType=BROWSE&_shoppingMode=SITE&sortBy=ORIGINAL&productsPerPage=60&pageIndex=2&_application=SITE&_additionalStoreLocations=5133&_regionCode=US&currencyCode=USD&size=medium&spItemsVersion=1.1&utagId=01924d4e5a27001a8f34c6bd74680507d01d3075007e8&visitorId=80934390978429631027343511310562026974&customerId=&_deviceType=DESKTOP&_customerState=GUEST
Color,Yellow,Clothing,Women,Western,Topwear,Tops,https://www.macys.com/xapi/discover/v1/page?pathname=/shop/womens-clothing/all-womens-clothing/womens-tops/Color_normal/Yellow&id=255&_navigationType=BROWSE&_shoppingMode=SITE&sortBy=ORIGINAL&productsPerPage=60&pageIndex=2&_application=SITE&_additionalStoreLocations=5133&_regionCode=US&currencyCode=USD&size=medium&spItemsVersion=1.1&utagId=01924d4e5a27001a8f34c6bd74680507d01d3075007e8&visitorId=80934390978429631027343511310562026974&customerId=&_deviceType=DESKTOP&_customerState=GUEST
Length,Mini,Clothing,Women,Western,Topwear,Tops,https://www.macys.com/xapi/discover/v1/page?pathname=/shop/womens-clothing/all-womens-clothing/womens-tops/Dress_length/Mini&id=255&_navigationType=BROWSE&_shoppingMode=SITE&sortBy=ORIGINAL&productsPerPage=60&pageIndex=2&_application=SITE&_additionalStoreLocations=5133&_regionCode=US&currencyCode=USD&size=medium&spItemsVersion=1.1&utagId=01924d4e5a27001a8f34c6bd74680507d01d3075007e8&visitorId=80934390978429631027343511310562026974&customerId=&_deviceType=DESKTOP&_customerState=GUEST
Length,Knee Length,Clothing,Women,Western,Topwear,Tops,https://www.macys.com/xapi/discover/v1/page?pathname=/shop/womens-clothing/all-womens-clothing/womens-tops/Dress_length/Knee%20Length&id=255&_navigationType=BROWSE&_shoppingMode=SITE&sortBy=ORIGINAL&productsPerPage=60&pageIndex=2&_application=SITE&_additionalStoreLocations=5133&_regionCode=US&currencyCode=USD&size=medium&spItemsVersion=1.1&utagId=01924d4e5a27001a8f34c6bd74680507d01d3075007e8&visitorId=80934390978429631027343511310562026974&customerId=&_deviceType=DESKTOP&_customerState=GUEST
Length,High Low,Clothing,Women,Western,Topwear,Tops,https://www.macys.com/xapi/discover/v1/page?pathname=/shop/womens-clothing/all-womens-clothing/womens-tops/Dress_length/High%20Low&id=255&_navigationType=BROWSE&_shoppingMode=SITE&sortBy=ORIGINAL&productsPerPage=60&pageIndex=2&_application=SITE&_additionalStoreLocations=5133&_regionCode=US&currencyCode=USD&size=medium&spItemsVersion=1.1&utagId=01924d4e5a27001a8f34c6bd74680507d01d3075007e8&visitorId=80934390978429631027343511310562026974&customerId=&_deviceType=DESKTOP&_customerState=GUEST
Length,Long,Clothing,Women,Western,Topwear,Tops,https://www.macys.com/xapi/discover/v1/page?pathname=/shop/womens-clothing/all-womens-clothing/womens-tops/Dress_length/Long&id=255&_navigationType=BROWSE&_shoppingMode=SITE&sortBy=ORIGINAL&productsPerPage=60&pageIndex=2&_application=SITE&_additionalStoreLocations=5133&_regionCode=US&currencyCode=USD&size=medium&spItemsVersion=1.1&utagId=01924d4e5a27001a8f34c6bd74680507d01d3075007e8&visitorId=80934390978429631027343511310562026974&customerId=&_deviceType=DESKTOP&_customerState=GUEST
Length,Midi,Clothing,Women,Western,Topwear,Tops,https://www.macys.com/xapi/discover/v1/page?pathname=/shop/womens-clothing/all-womens-clothing/womens-tops/Dress_length/Midi&id=255&_navigationType=BROWSE&_shoppingMode=SITE&sortBy=ORIGINAL&productsPerPage=60&pageIndex=2&_application=SITE&_additionalStoreLocations=5133&_regionCode=US&currencyCode=USD&size=medium&spItemsVersion=1.1&utagId=01924d4e5a27001a8f34c6bd74680507d01d3075007e8&visitorId=80934390978429631027343511310562026974&customerId=&_deviceType=DESKTOP&_customerState=GUEST
Length,Short/Above The Knee,Clothing,Women,Western,Topwear,Tops,https://www.macys.com/xapi/discover/v1/page?pathname=/shop/womens-clothing/all-womens-clothing/womens-tops/Dress_length/Short%2FAbove%20The%20Knee&id=255&_navigationType=BROWSE&_shoppingMode=SITE&sortBy=ORIGINAL&productsPerPage=60&pageIndex=2&_application=SITE&_additionalStoreLocations=5133&_regionCode=US&currencyCode=USD&size=medium&spItemsVersion=1.1&utagId=01924d4e5a27001a8f34c6bd74680507d01d3075007e8&visitorId=80934390978429631027343511310562026974&customerId=&_deviceType=DESKTOP&_customerState=GUEST
Sleeve Length,Sleeveless,Clothing,Women,Western,Topwear,Tops,https://www.macys.com/xapi/discover/v1/page?pathname=/shop/womens-clothing/all-womens-clothing/womens-tops/Sleeve_length/Sleeveless&id=255&_navigationType=BROWSE&_shoppingMode=SITE&sortBy=ORIGINAL&productsPerPage=60&pageIndex=2&_application=SITE&_additionalStoreLocations=5133&_regionCode=US&currencyCode=USD&size=medium&spItemsVersion=1.1&utagId=01924d4e5a27001a8f34c6bd74680507d01d3075007e8&visitorId=80934390978429631027343511310562026974&customerId=&_deviceType=DESKTOP&_customerState=GUEST
Sleeve Length,Short Sleeve,Clothing,Women,Western,Topwear,Tops,https://www.macys.com/xapi/discover/v1/page?pathname=/shop/womens-clothing/all-womens-clothing/womens-tops/Sleeve_length/Short%20Sleeve&id=255&_navigationType=BROWSE&_shoppingMode=SITE&sortBy=ORIGINAL&productsPerPage=60&pageIndex=2&_application=SITE&_additionalStoreLocations=5133&_regionCode=US&currencyCode=USD&size=medium&spItemsVersion=1.1&utagId=01924d4e5a27001a8f34c6bd74680507d01d3075007e8&visitorId=80934390978429631027343511310562026974&customerId=&_deviceType=DESKTOP&_customerState=GUEST
Sleeve Length,3/4 Sleeve,Clothing,Women,Western,Topwear,Tops,https://www.macys.com/xapi/discover/v1/page?pathname=/shop/womens-clothing/all-womens-clothing/womens-tops/Sleeve_length/3%2F4%20Sleeve&id=255&_navigationType=BROWSE&_shoppingMode=SITE&sortBy=ORIGINAL&productsPerPage=60&pageIndex=2&_application=SITE&_additionalStoreLocations=5133&_regionCode=US&currencyCode=USD&size=medium&spItemsVersion=1.1&utagId=01924d4e5a27001a8f34c6bd74680507d01d3075007e8&visitorId=80934390978429631027343511310562026974&customerId=&_deviceType=DESKTOP&_customerState=GUEST
Sleeve Length,Long Sleeve,Clothing,Women,Western,Topwear,Tops,https://www.macys.com/xapi/discover/v1/page?pathname=/shop/womens-clothing/all-womens-clothing/womens-tops/Sleeve_length/Long%20Sleeve&id=255&_navigationType=BROWSE&_shoppingMode=SITE&sortBy=ORIGINAL&productsPerPage=60&pageIndex=2&_application=SITE&_additionalStoreLocations=5133&_regionCode=US&currencyCode=USD&size=medium&spItemsVersion=1.1&utagId=01924d4e5a27001a8f34c6bd74680507d01d3075007e8&visitorId=80934390978429631027343511310562026974&customerId=&_deviceType=DESKTOP&_customerState=GUEST
Type,A Line,Clothing,Women,Western,Topwear,Tops,https://www.macys.com/xapi/discover/v1/page?pathname=/shop/womens-clothing/all-womens-clothing/womens-tops/Dress_style/A%20Line&id=255&_navigationType=BROWSE&_shoppingMode=SITE&sortBy=ORIGINAL&productsPerPage=60&pageIndex=2&_application=SITE&_additionalStoreLocations=5133&_regionCode=US&currencyCode=USD&size=medium&spItemsVersion=1.1&utagId=01924d4e5a27001a8f34c6bd74680507d01d3075007e8&visitorId=80934390978429631027343511310562026974&customerId=&_deviceType=DESKTOP&_customerState=GUEST
Type,Ball Gowns,Clothing,Women,Western,Topwear,Tops,https://www.macys.com/xapi/discover/v1/page?pathname=/shop/womens-clothing/all-womens-clothing/womens-tops/Dress_style/Ball%20Gowns&id=255&_navigationType=BROWSE&_shoppingMode=SITE&sortBy=ORIGINAL&productsPerPage=60&pageIndex=2&_application=SITE&_additionalStoreLocations=5133&_regionCode=US&currencyCode=USD&size=medium&spItemsVersion=1.1&utagId=01924d4e5a27001a8f34c6bd74680507d01d3075007e8&visitorId=80934390978429631027343511310562026974&customerId=&_deviceType=DESKTOP&_customerState=GUEST
Type,Body-Con,Clothing,Women,Western,Topwear,Tops,https://www.macys.com/xapi/discover/v1/page?pathname=/shop/womens-clothing/all-womens-clothing/womens-tops/Dress_style/Body-Con&id=255&_navigationType=BROWSE&_shoppingMode=SITE&sortBy=ORIGINAL&productsPerPage=60&pageIndex=2&_application=SITE&_additionalStoreLocations=5133&_regionCode=US&currencyCode=USD&size=medium&spItemsVersion=1.1&utagId=01924d4e5a27001a8f34c6bd74680507d01d3075007e8&visitorId=80934390978429631027343511310562026974&customerId=&_deviceType=DESKTOP&_customerState=GUEST
Type,Boho,Clothing,Women,Western,Topwear,Tops,https://www.macys.com/xapi/discover/v1/page?pathname=/shop/womens-clothing/all-womens-clothing/womens-tops/Dress_style/Boho&id=255&_navigationType=BROWSE&_shoppingMode=SITE&sortBy=ORIGINAL&productsPerPage=60&pageIndex=2&_application=SITE&_additionalStoreLocations=5133&_regionCode=US&currencyCode=USD&size=medium&spItemsVersion=1.1&utagId=01924d4e5a27001a8f34c6bd74680507d01d3075007e8&visitorId=80934390978429631027343511310562026974&customerId=&_deviceType=DESKTOP&_customerState=GUEST
Type,Corset,Clothing,Women,Western,Topwear,Tops,https://www.macys.com/xapi/discover/v1/page?pathname=/shop/womens-clothing/all-womens-clothing/womens-tops/Dress_style/Corset&id=255&_navigationType=BROWSE&_shoppingMode=SITE&sortBy=ORIGINAL&productsPerPage=60&pageIndex=2&_application=SITE&_additionalStoreLocations=5133&_regionCode=US&currencyCode=USD&size=medium&spItemsVersion=1.1&utagId=01924d4e5a27001a8f34c6bd74680507d01d3075007e8&visitorId=80934390978429631027343511310562026974&customerId=&_deviceType=DESKTOP&_customerState=GUEST
Type,Cutout,Clothing,Women,Western,Topwear,Tops,https://www.macys.com/xapi/discover/v1/page?pathname=/shop/womens-clothing/all-womens-clothing/womens-tops/Dress_style/Cutout&id=255&_navigationType=BROWSE&_shoppingMode=SITE&sortBy=ORIGINAL&productsPerPage=60&pageIndex=2&_application=SITE&_additionalStoreLocations=5133&_regionCode=US&currencyCode=USD&size=medium&spItemsVersion=1.1&utagId=01924d4e5a27001a8f34c6bd74680507d01d3075007e8&visitorId=80934390978429631027343511310562026974&customerId=&_deviceType=DESKTOP&_customerState=GUEST
Type,Denim,Clothing,Women,Western,Topwear,Tops,https://www.macys.com/xapi/discover/v1/page?pathname=/shop/womens-clothing/all-womens-clothing/womens-tops/Dress_style/Denim&id=255&_navigationType=BROWSE&_shoppingMode=SITE&sortBy=ORIGINAL&productsPerPage=60&pageIndex=2&_application=SITE&_additionalStoreLocations=5133&_regionCode=US&currencyCode=USD&size=medium&spItemsVersion=1.1&utagId=01924d4e5a27001a8f34c6bd74680507d01d3075007e8&visitorId=80934390978429631027343511310562026974&customerId=&_deviceType=DESKTOP&_customerState=GUEST
Type,Embellished/Sequin,Clothing,Women,Western,Topwear,Tops,https://www.macys.com/xapi/discover/v1/page?pathname=/shop/womens-clothing/all-womens-clothing/womens-tops/Dress_style/Embellished%2FSequin&id=255&_navigationType=BROWSE&_shoppingMode=SITE&sortBy=ORIGINAL&productsPerPage=60&pageIndex=2&_application=SITE&_additionalStoreLocations=5133&_regionCode=US&currencyCode=USD&size=medium&spItemsVersion=1.1&utagId=01924d4e5a27001a8f34c6bd74680507d01d3075007e8&visitorId=80934390978429631027343511310562026974&customerId=&_deviceType=DESKTOP&_customerState=GUEST
Type,Fit & Flare,Clothing,Women,Western,Topwear,Tops,https://www.macys.com/xapi/discover/v1/page?pathname=/shop/womens-clothing/all-womens-clothing/womens-tops/Dress_style/Fit%20%26%20Flare&id=255&_navigationType=BROWSE&_shoppingMode=SITE&sortBy=ORIGINAL&productsPerPage=60&pageIndex=2&_application=SITE&_additionalStoreLocations=5133&_regionCode=US&currencyCode=USD&size=medium&spItemsVersion=1.1&utagId=01924d4e5a27001a8f34c6bd74680507d01d3075007e8&visitorId=80934390978429631027343511310562026974&customerId=&_deviceType=DESKTOP&_customerState=GUEST
Type,Floral,Clothing,Women,Western,Topwear,Tops,https://www.macys.com/xapi/discover/v1/page?pathname=/shop/womens-clothing/all-womens-clothing/womens-tops/Dress_style/Floral&id=255&_navigationType=BROWSE&_shoppingMode=SITE&sortBy=ORIGINAL&productsPerPage=60&pageIndex=2&_application=SITE&_additionalStoreLocations=5133&_regionCode=US&currencyCode=USD&size=medium&spItemsVersion=1.1&utagId=01924d4e5a27001a8f34c6bd74680507d01d3075007e8&visitorId=80934390978429631027343511310562026974&customerId=&_deviceType=DESKTOP&_customerState=GUEST
Type,Lace,Clothing,Women,Western,Topwear,Tops,https://www.macys.com/xapi/discover/v1/page?pathname=/shop/womens-clothing/all-womens-clothing/womens-tops/Dress_style/Lace&id=255&_navigationType=BROWSE&_shoppingMode=SITE&sortBy=ORIGINAL&productsPerPage=60&pageIndex=2&_application=SITE&_additionalStoreLocations=5133&_regionCode=US&currencyCode=USD&size=medium&spItemsVersion=1.1&utagId=01924d4e5a27001a8f34c6bd74680507d01d3075007e8&visitorId=80934390978429631027343511310562026974&customerId=&_deviceType=DESKTOP&_customerState=GUEST
Type,Maternity,Clothing,Women,Western,Topwear,Tops,https://www.macys.com/xapi/discover/v1/page?pathname=/shop/womens-clothing/all-womens-clothing/womens-tops/Dress_style/Maternity&id=255&_navigationType=BROWSE&_shoppingMode=SITE&sortBy=ORIGINAL&productsPerPage=60&pageIndex=2&_application=SITE&_additionalStoreLocations=5133&_regionCode=US&currencyCode=USD&size=medium&spItemsVersion=1.1&utagId=01924d4e5a27001a8f34c6bd74680507d01d3075007e8&visitorId=80934390978429631027343511310562026974&customerId=&_deviceType=DESKTOP&_customerState=GUEST
Type,Maxi,Clothing,Women,Western,Topwear,Tops,https://www.macys.com/xapi/discover/v1/page?pathname=/shop/womens-clothing/all-womens-clothing/womens-tops/Dress_style/Maxi&id=255&_navigationType=BROWSE&_shoppingMode=SITE&sortBy=ORIGINAL&productsPerPage=60&pageIndex=2&_application=SITE&_additionalStoreLocations=5133&_regionCode=US&currencyCode=USD&size=medium&spItemsVersion=1.1&utagId=01924d4e5a27001a8f34c6bd74680507d01d3075007e8&visitorId=80934390978429631027343511310562026974&customerId=&_deviceType=DESKTOP&_customerState=GUEST
Type,Mock Neck,Clothing,Women,Western,Topwear,Tops,https://www.macys.com/xapi/discover/v1/page?pathname=/shop/womens-clothing/all-womens-clothing/womens-tops/Dress_style/Mock%20Neck&id=255&_navigationType=BROWSE&_shoppingMode=SITE&sortBy=ORIGINAL&productsPerPage=60&pageIndex=2&_application=SITE&_additionalStoreLocations=5133&_regionCode=US&currencyCode=USD&size=medium&spItemsVersion=1.1&utagId=01924d4e5a27001a8f34c6bd74680507d01d3075007e8&visitorId=80934390978429631027343511310562026974&customerId=&_deviceType=DESKTOP&_customerState=GUEST
Type,Ruffle,Clothing,Women,Western,Topwear,Tops,https://www.macys.com/xapi/discover/v1/page?pathname=/shop/womens-clothing/all-womens-clothing/womens-tops/Dress_style/Ruffle&id=255&_navigationType=BROWSE&_shoppingMode=SITE&sortBy=ORIGINAL&productsPerPage=60&pageIndex=2&_application=SITE&_additionalStoreLocations=5133&_regionCode=US&currencyCode=USD&size=medium&spItemsVersion=1.1&utagId=01924d4e5a27001a8f34c6bd74680507d01d3075007e8&visitorId=80934390978429631027343511310562026974&customerId=&_deviceType=DESKTOP&_customerState=GUEST
Type,Sheath,Clothing,Women,Western,Topwear,Tops,https://www.macys.com/xapi/discover/v1/page?pathname=/shop/womens-clothing/all-womens-clothing/womens-tops/Dress_style/Sheath&id=255&_navigationType=BROWSE&_shoppingMode=SITE&sortBy=ORIGINAL&productsPerPage=60&pageIndex=2&_application=SITE&_additionalStoreLocations=5133&_regionCode=US&currencyCode=USD&size=medium&spItemsVersion=1.1&utagId=01924d4e5a27001a8f34c6bd74680507d01d3075007e8&visitorId=80934390978429631027343511310562026974&customerId=&_deviceType=DESKTOP&_customerState=GUEST
Type,Shift,Clothing,Women,Western,Topwear,Tops,https://www.macys.com/xapi/discover/v1/page?pathname=/shop/womens-clothing/all-womens-clothing/womens-tops/Dress_style/Shift&id=255&_navigationType=BROWSE&_shoppingMode=SITE&sortBy=ORIGINAL&productsPerPage=60&pageIndex=2&_application=SITE&_additionalStoreLocations=5133&_regionCode=US&currencyCode=USD&size=medium&spItemsVersion=1.1&utagId=01924d4e5a27001a8f34c6bd74680507d01d3075007e8&visitorId=80934390978429631027343511310562026974&customerId=&_deviceType=DESKTOP&_customerState=GUEST
Type,Shirt Dress,Clothing,Women,Western,Topwear,Tops,https://www.macys.com/xapi/discover/v1/page?pathname=/shop/womens-clothing/all-womens-clothing/womens-tops/Dress_style/Shirt%20Dress&id=255&_navigationType=BROWSE&_shoppingMode=SITE&sortBy=ORIGINAL&productsPerPage=60&pageIndex=2&_application=SITE&_additionalStoreLocations=5133&_regionCode=US&currencyCode=USD&size=medium&spItemsVersion=1.1&utagId=01924d4e5a27001a8f34c6bd74680507d01d3075007e8&visitorId=80934390978429631027343511310562026974&customerId=&_deviceType=DESKTOP&_customerState=GUEST
Type,Slip Dress,Clothing,Women,Western,Topwear,Tops,https://www.macys.com/xapi/discover/v1/page?pathname=/shop/womens-clothing/all-womens-clothing/womens-tops/Dress_style/Slip%20Dress&id=255&_navigationType=BROWSE&_shoppingMode=SITE&sortBy=ORIGINAL&productsPerPage=60&pageIndex=2&_application=SITE&_additionalStoreLocations=5133&_regionCode=US&currencyCode=USD&size=medium&spItemsVersion=1.1&utagId=01924d4e5a27001a8f34c6bd74680507d01d3075007e8&visitorId=80934390978429631027343511310562026974&customerId=&_deviceType=DESKTOP&_customerState=GUEST
Type,Slit,Clothing,Women,Western,Topwear,Tops,https://www.macys.com/xapi/discover/v1/page?pathname=/shop/womens-clothing/all-womens-clothing/womens-tops/Dress_style/Slit&id=255&_navigationType=BROWSE&_shoppingMode=SITE&sortBy=ORIGINAL&productsPerPage=60&pageIndex=2&_application=SITE&_additionalStoreLocations=5133&_regionCode=US&currencyCode=USD&size=medium&spItemsVersion=1.1&utagId=01924d4e5a27001a8f34c6bd74680507d01d3075007e8&visitorId=80934390978429631027343511310562026974&customerId=&_deviceType=DESKTOP&_customerState=GUEST
Type,Smocked,Clothing,Women,Western,Topwear,Tops,https://www.macys.com/xapi/discover/v1/page?pathname=/shop/womens-clothing/all-womens-clothing/womens-tops/Dress_style/Smocked&id=255&_navigationType=BROWSE&_shoppingMode=SITE&sortBy=ORIGINAL&productsPerPage=60&pageIndex=2&_application=SITE&_additionalStoreLocations=5133&_regionCode=US&currencyCode=USD&size=medium&spItemsVersion=1.1&utagId=01924d4e5a27001a8f34c6bd74680507d01d3075007e8&visitorId=80934390978429631027343511310562026974&customerId=&_deviceType=DESKTOP&_customerState=GUEST
Type,Sundress,Clothing,Women,Western,Topwear,Tops,https://www.macys.com/xapi/discover/v1/page?pathname=/shop/womens-clothing/all-womens-clothing/womens-tops/Dress_style/Sundress&id=255&_navigationType=BROWSE&_shoppingMode=SITE&sortBy=ORIGINAL&productsPerPage=60&pageIndex=2&_application=SITE&_additionalStoreLocations=5133&_regionCode=US&currencyCode=USD&size=medium&spItemsVersion=1.1&utagId=01924d4e5a27001a8f34c6bd74680507d01d3075007e8&visitorId=80934390978429631027343511310562026974&customerId=&_deviceType=DESKTOP&_customerState=GUEST
Type,Sweater Dress,Clothing,Women,Western,Topwear,Tops,https://www.macys.com/xapi/discover/v1/page?pathname=/shop/womens-clothing/all-womens-clothing/womens-tops/Dress_style/Sweater%20Dress&id=255&_navigationType=BROWSE&_shoppingMode=SITE&sortBy=ORIGINAL&productsPerPage=60&pageIndex=2&_application=SITE&_additionalStoreLocations=5133&_regionCode=US&currencyCode=USD&size=medium&spItemsVersion=1.1&utagId=01924d4e5a27001a8f34c6bd74680507d01d3075007e8&visitorId=80934390978429631027343511310562026974&customerId=&_deviceType=DESKTOP&_customerState=GUEST
Type,Two Piece,Clothing,Women,Western,Topwear,Tops,https://www.macys.com/xapi/discover/v1/page?pathname=/shop/womens-clothing/all-womens-clothing/womens-tops/Dress_style/Two%20Piece&id=255&_navigationType=BROWSE&_shoppingMode=SITE&sortBy=ORIGINAL&productsPerPage=60&pageIndex=2&_application=SITE&_additionalStoreLocations=5133&_regionCode=US&currencyCode=USD&size=medium&spItemsVersion=1.1&utagId=01924d4e5a27001a8f34c6bd74680507d01d3075007e8&visitorId=80934390978429631027343511310562026974&customerId=&_deviceType=DESKTOP&_customerState=GUEST
Type,Velvet,Clothing,Women,Western,Topwear,Tops,https://www.macys.com/xapi/discover/v1/page?pathname=/shop/womens-clothing/all-womens-clothing/womens-tops/Dress_style/Velvet&id=255&_navigationType=BROWSE&_shoppingMode=SITE&sortBy=ORIGINAL&productsPerPage=60&pageIndex=2&_application=SITE&_additionalStoreLocations=5133&_regionCode=US&currencyCode=USD&size=medium&spItemsVersion=1.1&utagId=01924d4e5a27001a8f34c6bd74680507d01d3075007e8&visitorId=80934390978429631027343511310562026974&customerId=&_deviceType=DESKTOP&_customerState=GUEST
Type,Wrap,Clothing,Women,Western,Topwear,Tops,https://www.macys.com/xapi/discover/v1/page?pathname=/shop/womens-clothing/all-womens-clothing/womens-tops/Dress_style/Wrap&id=255&_navigationType=BROWSE&_shoppingMode=SITE&sortBy=ORIGINAL&productsPerPage=60&pageIndex=2&_application=SITE&_additionalStoreLocations=5133&_regionCode=US&currencyCode=USD&size=medium&spItemsVersion=1.1&utagId=01924d4e5a27001a8f34c6bd74680507d01d3075007e8&visitorId=80934390978429631027343511310562026974&customerId=&_deviceType=DESKTOP&_customerState=GUEST
Type,Active,Clothing,Women,Western,Topwear,Tops,https://www.macys.com/xapi/discover/v1/page?pathname=/shop/womens-clothing/all-womens-clothing/womens-tops/Top_style/Active&id=255&_navigationType=BROWSE&_shoppingMode=SITE&sortBy=ORIGINAL&productsPerPage=60&pageIndex=2&_application=SITE&_additionalStoreLocations=5133&_regionCode=US&currencyCode=USD&size=medium&spItemsVersion=1.1&utagId=01924d4e5a27001a8f34c6bd74680507d01d3075007e8&visitorId=80934390978429631027343511310562026974&customerId=&_deviceType=DESKTOP&_customerState=GUEST
Type,Bell Sleeve,Clothing,Women,Western,Topwear,Tops,https://www.macys.com/xapi/discover/v1/page?pathname=/shop/womens-clothing/all-womens-clothing/womens-tops/Top_style/Bell%20Sleeve&id=255&_navigationType=BROWSE&_shoppingMode=SITE&sortBy=ORIGINAL&productsPerPage=60&pageIndex=2&_application=SITE&_additionalStoreLocations=5133&_regionCode=US&currencyCode=USD&size=medium&spItemsVersion=1.1&utagId=01924d4e5a27001a8f34c6bd74680507d01d3075007e8&visitorId=80934390978429631027343511310562026974&customerId=&_deviceType=DESKTOP&_customerState=GUEST
Type,Crop,Clothing,Women,Western,Topwear,Tops,https://www.macys.com/xapi/discover/v1/page?pathname=/shop/womens-clothing/all-womens-clothing/womens-tops/Top_style/Crop&id=255&_navigationType=BROWSE&_shoppingMode=SITE&sortBy=ORIGINAL&productsPerPage=60&pageIndex=2&_application=SITE&_additionalStoreLocations=5133&_regionCode=US&currencyCode=USD&size=medium&spItemsVersion=1.1&utagId=01924d4e5a27001a8f34c6bd74680507d01d3075007e8&visitorId=80934390978429631027343511310562026974&customerId=&_deviceType=DESKTOP&_customerState=GUEST
Type,Dressy,Clothing,Women,Western,Topwear,Tops,https://www.macys.com/xapi/discover/v1/page?pathname=/shop/womens-clothing/all-womens-clothing/womens-tops/Top_style/Dressy&id=255&_navigationType=BROWSE&_shoppingMode=SITE&sortBy=ORIGINAL&productsPerPage=60&pageIndex=2&_application=SITE&_additionalStoreLocations=5133&_regionCode=US&currencyCode=USD&size=medium&spItemsVersion=1.1&utagId=01924d4e5a27001a8f34c6bd74680507d01d3075007e8&visitorId=80934390978429631027343511310562026974&customerId=&_deviceType=DESKTOP&_customerState=GUEST
Type,Embellished,Clothing,Women,Western,Topwear,Tops,https://www.macys.com/xapi/discover/v1/page?pathname=/shop/womens-clothing/all-womens-clothing/womens-tops/Top_style/Embellished&id=255&_navigationType=BROWSE&_shoppingMode=SITE&sortBy=ORIGINAL&productsPerPage=60&pageIndex=2&_application=SITE&_additionalStoreLocations=5133&_regionCode=US&currencyCode=USD&size=medium&spItemsVersion=1.1&utagId=01924d4e5a27001a8f34c6bd74680507d01d3075007e8&visitorId=80934390978429631027343511310562026974&customerId=&_deviceType=DESKTOP&_customerState=GUEST
Type,Sheer,Clothing,Women,Western,Topwear,Tops,https://www.macys.com/xapi/discover/v1/page?pathname=/shop/womens-clothing/all-womens-clothing/womens-tops/Top_style/Sheer&id=255&_navigationType=BROWSE&_shoppingMode=SITE&sortBy=ORIGINAL&productsPerPage=60&pageIndex=2&_application=SITE&_additionalStoreLocations=5133&_regionCode=US&currencyCode=USD&size=medium&spItemsVersion=1.1&utagId=01924d4e5a27001a8f34c6bd74680507d01d3075007e8&visitorId=80934390978429631027343511310562026974&customerId=&_deviceType=DESKTOP&_customerState=GUEST
Type,Tank Tops,Clothing,Women,Western,Topwear,Tops,https://www.macys.com/xapi/discover/v1/page?pathname=/shop/womens-clothing/all-womens-clothing/womens-tops/Top_style/Tank%20Tops&id=255&_navigationType=BROWSE&_shoppingMode=SITE&sortBy=ORIGINAL&productsPerPage=60&pageIndex=2&_application=SITE&_additionalStoreLocations=5133&_regionCode=US&currencyCode=USD&size=medium&spItemsVersion=1.1&utagId=01924d4e5a27001a8f34c6bd74680507d01d3075007e8&visitorId=80934390978429631027343511310562026974&customerId=&_deviceType=DESKTOP&_customerState=GUEST
Type,Tube,Clothing,Women,Western,Topwear,Tops,https://www.macys.com/xapi/discover/v1/page?pathname=/shop/womens-clothing/all-womens-clothing/womens-tops/Top_style/Tube&id=255&_navigationType=BROWSE&_shoppingMode=SITE&sortBy=ORIGINAL&productsPerPage=60&pageIndex=2&_application=SITE&_additionalStoreLocations=5133&_regionCode=US&currencyCode=USD&size=medium&spItemsVersion=1.1&utagId=01924d4e5a27001a8f34c6bd74680507d01d3075007e8&visitorId=80934390978429631027343511310562026974&customerId=&_deviceType=DESKTOP&_customerState=GUEST
Type,Tunic,Clothing,Women,Western,Topwear,Tops,https://www.macys.com/xapi/discover/v1/page?pathname=/shop/womens-clothing/all-womens-clothing/womens-tops/Top_style/Tunic&id=255&_navigationType=BROWSE&_shoppingMode=SITE&sortBy=ORIGINAL&productsPerPage=60&pageIndex=2&_application=SITE&_additionalStoreLocations=5133&_regionCode=US&currencyCode=USD&size=medium&spItemsVersion=1.1&utagId=01924d4e5a27001a8f34c6bd74680507d01d3075007e8&visitorId=80934390978429631027343511310562026974&customerId=&_deviceType=DESKTOP&_customerState=GUEST
Type,Wrap,Clothing,Women,Western,Topwear,Tops,https://www.macys.com/xapi/discover/v1/page?pathname=/shop/womens-clothing/all-womens-clothing/womens-tops/Top_style/Wrap&id=255&_navigationType=BROWSE&_shoppingMode=SITE&sortBy=ORIGINAL&productsPerPage=60&pageIndex=2&_application=SITE&_additionalStoreLocations=5133&_regionCode=US&currencyCode=USD&size=medium&spItemsVersion=1.1&utagId=01924d4e5a27001a8f34c6bd74680507d01d3075007e8&visitorId=80934390978429631027343511310562026974&customerId=&_deviceType=DESKTOP&_customerState=GUEST
Neckline,Boat Neck,Clothing,Women,Western,Topwear,Tops,https://www.macys.com/xapi/discover/v1/page?pathname=/shop/womens-clothing/all-womens-clothing/womens-tops/Neckline/Boat%20Neck&id=255&_navigationType=BROWSE&_shoppingMode=SITE&sortBy=ORIGINAL&productsPerPage=60&pageIndex=2&_application=SITE&_additionalStoreLocations=5133&_regionCode=US&currencyCode=USD&size=medium&spItemsVersion=1.1&utagId=01924d4e5a27001a8f34c6bd74680507d01d3075007e8&visitorId=80934390978429631027343511310562026974&customerId=&_deviceType=DESKTOP&_customerState=GUEST
Neckline,Collared,Clothing,Women,Western,Topwear,Tops,https://www.macys.com/xapi/discover/v1/page?pathname=/shop/womens-clothing/all-womens-clothing/womens-tops/Neckline/Collared&id=255&_navigationType=BROWSE&_shoppingMode=SITE&sortBy=ORIGINAL&productsPerPage=60&pageIndex=2&_application=SITE&_additionalStoreLocations=5133&_regionCode=US&currencyCode=USD&size=medium&spItemsVersion=1.1&utagId=01924d4e5a27001a8f34c6bd74680507d01d3075007e8&visitorId=80934390978429631027343511310562026974&customerId=&_deviceType=DESKTOP&_customerState=GUEST
Neckline,Cowl Neck,Clothing,Women,Western,Topwear,Tops,https://www.macys.com/xapi/discover/v1/page?pathname=/shop/womens-clothing/all-womens-clothing/womens-tops/Neckline/Cowl%20Neck&id=255&_navigationType=BROWSE&_shoppingMode=SITE&sortBy=ORIGINAL&productsPerPage=60&pageIndex=2&_application=SITE&_additionalStoreLocations=5133&_regionCode=US&currencyCode=USD&size=medium&spItemsVersion=1.1&utagId=01924d4e5a27001a8f34c6bd74680507d01d3075007e8&visitorId=80934390978429631027343511310562026974&customerId=&_deviceType=DESKTOP&_customerState=GUEST
Neckline,Crew Neck,Clothing,Women,Western,Topwear,Tops,https://www.macys.com/xapi/discover/v1/page?pathname=/shop/womens-clothing/all-womens-clothing/womens-tops/Neckline/Crew%20Neck&id=255&_navigationType=BROWSE&_shoppingMode=SITE&sortBy=ORIGINAL&productsPerPage=60&pageIndex=2&_application=SITE&_additionalStoreLocations=5133&_regionCode=US&currencyCode=USD&size=medium&spItemsVersion=1.1&utagId=01924d4e5a27001a8f34c6bd74680507d01d3075007e8&visitorId=80934390978429631027343511310562026974&customerId=&_deviceType=DESKTOP&_customerState=GUEST
Neckline,Halter,Clothing,Women,Western,Topwear,Tops,https://www.macys.com/xapi/discover/v1/page?pathname=/shop/womens-clothing/all-womens-clothing/womens-tops/Neckline/Halter&id=255&_navigationType=BROWSE&_shoppingMode=SITE&sortBy=ORIGINAL&productsPerPage=60&pageIndex=2&_application=SITE&_additionalStoreLocations=5133&_regionCode=US&currencyCode=USD&size=medium&spItemsVersion=1.1&utagId=01924d4e5a27001a8f34c6bd74680507d01d3075007e8&visitorId=80934390978429631027343511310562026974&customerId=&_deviceType=DESKTOP&_customerState=GUEST
Neckline,Hooded,Clothing,Women,Western,Topwear,Tops,https://www.macys.com/xapi/discover/v1/page?pathname=/shop/womens-clothing/all-womens-clothing/womens-tops/Neckline/Hooded&id=255&_navigationType=BROWSE&_shoppingMode=SITE&sortBy=ORIGINAL&productsPerPage=60&pageIndex=2&_application=SITE&_additionalStoreLocations=5133&_regionCode=US&currencyCode=USD&size=medium&spItemsVersion=1.1&utagId=01924d4e5a27001a8f34c6bd74680507d01d3075007e8&visitorId=80934390978429631027343511310562026974&customerId=&_deviceType=DESKTOP&_customerState=GUEST
Neckline,Keyhole,Clothing,Women,Western,Topwear,Tops,https://www.macys.com/xapi/discover/v1/page?pathname=/shop/womens-clothing/all-womens-clothing/womens-tops/Neckline/Keyhole&id=255&_navigationType=BROWSE&_shoppingMode=SITE&sortBy=ORIGINAL&productsPerPage=60&pageIndex=2&_application=SITE&_additionalStoreLocations=5133&_regionCode=US&currencyCode=USD&size=medium&spItemsVersion=1.1&utagId=01924d4e5a27001a8f34c6bd74680507d01d3075007e8&visitorId=80934390978429631027343511310562026974&customerId=&_deviceType=DESKTOP&_customerState=GUEST
Neckline,Mock Neck,Clothing,Women,Western,Topwear,Tops,https://www.macys.com/xapi/discover/v1/page?pathname=/shop/womens-clothing/all-womens-clothing/womens-tops/Neckline/Mock%20Neck&id=255&_navigationType=BROWSE&_shoppingMode=SITE&sortBy=ORIGINAL&productsPerPage=60&pageIndex=2&_application=SITE&_additionalStoreLocations=5133&_regionCode=US&currencyCode=USD&size=medium&spItemsVersion=1.1&utagId=01924d4e5a27001a8f34c6bd74680507d01d3075007e8&visitorId=80934390978429631027343511310562026974&customerId=&_deviceType=DESKTOP&_customerState=GUEST
Neckline,Off the Shoulder,Clothing,Women,Western,Topwear,Tops,https://www.macys.com/xapi/discover/v1/page?pathname=/shop/womens-clothing/all-womens-clothing/womens-tops/Neckline/Off%20the%20Shoulder&id=255&_navigationType=BROWSE&_shoppingMode=SITE&sortBy=ORIGINAL&productsPerPage=60&pageIndex=2&_application=SITE&_additionalStoreLocations=5133&_regionCode=US&currencyCode=USD&size=medium&spItemsVersion=1.1&utagId=01924d4e5a27001a8f34c6bd74680507d01d3075007e8&visitorId=80934390978429631027343511310562026974&customerId=&_deviceType=DESKTOP&_customerState=GUEST
Neckline,One Shoulder,Clothing,Women,Western,Topwear,Tops,https://www.macys.com/xapi/discover/v1/page?pathname=/shop/womens-clothing/all-womens-clothing/womens-tops/Neckline/One%20Shoulder&id=255&_navigationType=BROWSE&_shoppingMode=SITE&sortBy=ORIGINAL&productsPerPage=60&pageIndex=2&_application=SITE&_additionalStoreLocations=5133&_regionCode=US&currencyCode=USD&size=medium&spItemsVersion=1.1&utagId=01924d4e5a27001a8f34c6bd74680507d01d3075007e8&visitorId=80934390978429631027343511310562026974&customerId=&_deviceType=DESKTOP&_customerState=GUEST
Neckline,Open Front,Clothing,Women,Western,Topwear,Tops,https://www.macys.com/xapi/discover/v1/page?pathname=/shop/womens-clothing/all-womens-clothing/womens-tops/Neckline/Open%20Front&id=255&_navigationType=BROWSE&_shoppingMode=SITE&sortBy=ORIGINAL&productsPerPage=60&pageIndex=2&_application=SITE&_additionalStoreLocations=5133&_regionCode=US&currencyCode=USD&size=medium&spItemsVersion=1.1&utagId=01924d4e5a27001a8f34c6bd74680507d01d3075007e8&visitorId=80934390978429631027343511310562026974&customerId=&_deviceType=DESKTOP&_customerState=GUEST
Neckline,Scoop Neck,Clothing,Women,Western,Topwear,Tops,https://www.macys.com/xapi/discover/v1/page?pathname=/shop/womens-clothing/all-womens-clothing/womens-tops/Neckline/Scoop%20Neck&id=255&_navigationType=BROWSE&_shoppingMode=SITE&sortBy=ORIGINAL&productsPerPage=60&pageIndex=2&_application=SITE&_additionalStoreLocations=5133&_regionCode=US&currencyCode=USD&size=medium&spItemsVersion=1.1&utagId=01924d4e5a27001a8f34c6bd74680507d01d3075007e8&visitorId=80934390978429631027343511310562026974&customerId=&_deviceType=DESKTOP&_customerState=GUEST
Neckline,Shawl,Clothing,Women,Western,Topwear,Tops,https://www.macys.com/xapi/discover/v1/page?pathname=/shop/womens-clothing/all-womens-clothing/womens-tops/Neckline/Shawl&id=255&_navigationType=BROWSE&_shoppingMode=SITE&sortBy=ORIGINAL&productsPerPage=60&pageIndex=2&_application=SITE&_additionalStoreLocations=5133&_regionCode=US&currencyCode=USD&size=medium&spItemsVersion=1.1&utagId=01924d4e5a27001a8f34c6bd74680507d01d3075007e8&visitorId=80934390978429631027343511310562026974&customerId=&_deviceType=DESKTOP&_customerState=GUEST
Neckline,Square,Clothing,Women,Western,Topwear,Tops,https://www.macys.com/xapi/discover/v1/page?pathname=/shop/womens-clothing/all-womens-clothing/womens-tops/Neckline/Square&id=255&_navigationType=BROWSE&_shoppingMode=SITE&sortBy=ORIGINAL&productsPerPage=60&pageIndex=2&_application=SITE&_additionalStoreLocations=5133&_regionCode=US&currencyCode=USD&size=medium&spItemsVersion=1.1&utagId=01924d4e5a27001a8f34c6bd74680507d01d3075007e8&visitorId=80934390978429631027343511310562026974&customerId=&_deviceType=DESKTOP&_customerState=GUEST
Neckline,Strapless,Clothing,Women,Western,Topwear,Tops,https://www.macys.com/xapi/discover/v1/page?pathname=/shop/womens-clothing/all-womens-clothing/womens-tops/Neckline/Strapless&id=255&_navigationType=BROWSE&_shoppingMode=SITE&sortBy=ORIGINAL&productsPerPage=60&pageIndex=2&_application=SITE&_additionalStoreLocations=5133&_regionCode=US&currencyCode=USD&size=medium&spItemsVersion=1.1&utagId=01924d4e5a27001a8f34c6bd74680507d01d3075007e8&visitorId=80934390978429631027343511310562026974&customerId=&_deviceType=DESKTOP&_customerState=GUEST
Neckline,Sweetheart,Clothing,Women,Western,Topwear,Tops,https://www.macys.com/xapi/discover/v1/page?pathname=/shop/womens-clothing/all-womens-clothing/womens-tops/Neckline/Sweetheart&id=255&_navigationType=BROWSE&_shoppingMode=SITE&sortBy=ORIGINAL&productsPerPage=60&pageIndex=2&_application=SITE&_additionalStoreLocations=5133&_regionCode=US&currencyCode=USD&size=medium&spItemsVersion=1.1&utagId=01924d4e5a27001a8f34c6bd74680507d01d3075007e8&visitorId=80934390978429631027343511310562026974&customerId=&_deviceType=DESKTOP&_customerState=GUEST
Neckline,Turtleneck,Clothing,Women,Western,Topwear,Tops,https://www.macys.com/xapi/discover/v1/page?pathname=/shop/womens-clothing/all-womens-clothing/womens-tops/Neckline/Turtleneck&id=255&_navigationType=BROWSE&_shoppingMode=SITE&sortBy=ORIGINAL&productsPerPage=60&pageIndex=2&_application=SITE&_additionalStoreLocations=5133&_regionCode=US&currencyCode=USD&size=medium&spItemsVersion=1.1&utagId=01924d4e5a27001a8f34c6bd74680507d01d3075007e8&visitorId=80934390978429631027343511310562026974&customerId=&_deviceType=DESKTOP&_customerState=GUEST
Neckline,V-Neck,Clothing,Women,Western,Topwear,Tops,https://www.macys.com/xapi/discover/v1/page?pathname=/shop/womens-clothing/all-womens-clothing/womens-tops/Neckline/V-Neck&id=255&_navigationType=BROWSE&_shoppingMode=SITE&sortBy=ORIGINAL&productsPerPage=60&pageIndex=2&_application=SITE&_additionalStoreLocations=5133&_regionCode=US&currencyCode=USD&size=medium&spItemsVersion=1.1&utagId=01924d4e5a27001a8f34c6bd74680507d01d3075007e8&visitorId=80934390978429631027343511310562026974&customerId=&_deviceType=DESKTOP&_customerState=GUEST
Pattern,Animal Print,Clothing,Women,Western,Topwear,Tops,https://www.macys.com/xapi/discover/v1/page?pathname=/shop/womens-clothing/all-womens-clothing/womens-tops/Fabric_pattern/Animal%20Print&id=255&_navigationType=BROWSE&_shoppingMode=SITE&sortBy=ORIGINAL&productsPerPage=60&pageIndex=2&_application=SITE&_additionalStoreLocations=5133&_regionCode=US&currencyCode=USD&size=medium&spItemsVersion=1.1&utagId=01924d4e5a27001a8f34c6bd74680507d01d3075007e8&visitorId=80934390978429631027343511310562026974&customerId=&_deviceType=DESKTOP&_customerState=GUEST
Pattern,Cable Knit,Clothing,Women,Western,Topwear,Tops,https://www.macys.com/xapi/discover/v1/page?pathname=/shop/womens-clothing/all-womens-clothing/womens-tops/Fabric_pattern/Cable%20Knit&id=255&_navigationType=BROWSE&_shoppingMode=SITE&sortBy=ORIGINAL&productsPerPage=60&pageIndex=2&_application=SITE&_additionalStoreLocations=5133&_regionCode=US&currencyCode=USD&size=medium&spItemsVersion=1.1&utagId=01924d4e5a27001a8f34c6bd74680507d01d3075007e8&visitorId=80934390978429631027343511310562026974&customerId=&_deviceType=DESKTOP&_customerState=GUEST
Pattern,Camo,Clothing,Women,Western,Topwear,Tops,https://www.macys.com/xapi/discover/v1/page?pathname=/shop/womens-clothing/all-womens-clothing/womens-tops/Fabric_pattern/Camo&id=255&_navigationType=BROWSE&_shoppingMode=SITE&sortBy=ORIGINAL&productsPerPage=60&pageIndex=2&_application=SITE&_additionalStoreLocations=5133&_regionCode=US&currencyCode=USD&size=medium&spItemsVersion=1.1&utagId=01924d4e5a27001a8f34c6bd74680507d01d3075007e8&visitorId=80934390978429631027343511310562026974&customerId=&_deviceType=DESKTOP&_customerState=GUEST
Pattern,Colorblock,Clothing,Women,Western,Topwear,Tops,https://www.macys.com/xapi/discover/v1/page?pathname=/shop/womens-clothing/all-womens-clothing/womens-tops/Fabric_pattern/Colorblock&id=255&_navigationType=BROWSE&_shoppingMode=SITE&sortBy=ORIGINAL&productsPerPage=60&pageIndex=2&_application=SITE&_additionalStoreLocations=5133&_regionCode=US&currencyCode=USD&size=medium&spItemsVersion=1.1&utagId=01924d4e5a27001a8f34c6bd74680507d01d3075007e8&visitorId=80934390978429631027343511310562026974&customerId=&_deviceType=DESKTOP&_customerState=GUEST
Pattern,Dots,Clothing,Women,Western,Topwear,Tops,https://www.macys.com/xapi/discover/v1/page?pathname=/shop/womens-clothing/all-womens-clothing/womens-tops/Fabric_pattern/Dots&id=255&_navigationType=BROWSE&_shoppingMode=SITE&sortBy=ORIGINAL&productsPerPage=60&pageIndex=2&_application=SITE&_additionalStoreLocations=5133&_regionCode=US&currencyCode=USD&size=medium&spItemsVersion=1.1&utagId=01924d4e5a27001a8f34c6bd74680507d01d3075007e8&visitorId=80934390978429631027343511310562026974&customerId=&_deviceType=DESKTOP&_customerState=GUEST
Pattern,Embroidered,Clothing,Women,Western,Topwear,Tops,https://www.macys.com/xapi/discover/v1/page?pathname=/shop/womens-clothing/all-womens-clothing/womens-tops/Fabric_pattern/Embroidered&id=255&_navigationType=BROWSE&_shoppingMode=SITE&sortBy=ORIGINAL&productsPerPage=60&pageIndex=2&_application=SITE&_additionalStoreLocations=5133&_regionCode=US&currencyCode=USD&size=medium&spItemsVersion=1.1&utagId=01924d4e5a27001a8f34c6bd74680507d01d3075007e8&visitorId=80934390978429631027343511310562026974&customerId=&_deviceType=DESKTOP&_customerState=GUEST
Pattern,Floral,Clothing,Women,Western,Topwear,Tops,https://www.macys.com/xapi/discover/v1/page?pathname=/shop/womens-clothing/all-womens-clothing/womens-tops/Fabric_pattern/Floral&id=255&_navigationType=BROWSE&_shoppingMode=SITE&sortBy=ORIGINAL&productsPerPage=60&pageIndex=2&_application=SITE&_additionalStoreLocations=5133&_regionCode=US&currencyCode=USD&size=medium&spItemsVersion=1.1&utagId=01924d4e5a27001a8f34c6bd74680507d01d3075007e8&visitorId=80934390978429631027343511310562026974&customerId=&_deviceType=DESKTOP&_customerState=GUEST
Pattern,Geometric,Clothing,Women,Western,Topwear,Tops,https://www.macys.com/xapi/discover/v1/page?pathname=/shop/womens-clothing/all-womens-clothing/womens-tops/Fabric_pattern/Geometric&id=255&_navigationType=BROWSE&_shoppingMode=SITE&sortBy=ORIGINAL&productsPerPage=60&pageIndex=2&_application=SITE&_additionalStoreLocations=5133&_regionCode=US&currencyCode=USD&size=medium&spItemsVersion=1.1&utagId=01924d4e5a27001a8f34c6bd74680507d01d3075007e8&visitorId=80934390978429631027343511310562026974&customerId=&_deviceType=DESKTOP&_customerState=GUEST
Pattern,Gingham,Clothing,Women,Western,Topwear,Tops,https://www.macys.com/xapi/discover/v1/page?pathname=/shop/womens-clothing/all-womens-clothing/womens-tops/Fabric_pattern/Gingham&id=255&_navigationType=BROWSE&_shoppingMode=SITE&sortBy=ORIGINAL&productsPerPage=60&pageIndex=2&_application=SITE&_additionalStoreLocations=5133&_regionCode=US&currencyCode=USD&size=medium&spItemsVersion=1.1&utagId=01924d4e5a27001a8f34c6bd74680507d01d3075007e8&visitorId=80934390978429631027343511310562026974&customerId=&_deviceType=DESKTOP&_customerState=GUEST
Pattern,Houndstooth,Clothing,Women,Western,Topwear,Tops,https://www.macys.com/xapi/discover/v1/page?pathname=/shop/womens-clothing/all-womens-clothing/womens-tops/Fabric_pattern/Houndstooth&id=255&_navigationType=BROWSE&_shoppingMode=SITE&sortBy=ORIGINAL&productsPerPage=60&pageIndex=2&_application=SITE&_additionalStoreLocations=5133&_regionCode=US&currencyCode=USD&size=medium&spItemsVersion=1.1&utagId=01924d4e5a27001a8f34c6bd74680507d01d3075007e8&visitorId=80934390978429631027343511310562026974&customerId=&_deviceType=DESKTOP&_customerState=GUEST
Pattern,Leopard Print,Clothing,Women,Western,Topwear,Tops,https://www.macys.com/xapi/discover/v1/page?pathname=/shop/womens-clothing/all-womens-clothing/womens-tops/Fabric_pattern/Leopard%20Print&id=255&_navigationType=BROWSE&_shoppingMode=SITE&sortBy=ORIGINAL&productsPerPage=60&pageIndex=2&_application=SITE&_additionalStoreLocations=5133&_regionCode=US&currencyCode=USD&size=medium&spItemsVersion=1.1&utagId=01924d4e5a27001a8f34c6bd74680507d01d3075007e8&visitorId=80934390978429631027343511310562026974&customerId=&_deviceType=DESKTOP&_customerState=GUEST
Pattern,Logo,Clothing,Women,Western,Topwear,Tops,https://www.macys.com/xapi/discover/v1/page?pathname=/shop/womens-clothing/all-womens-clothing/womens-tops/Fabric_pattern/Logo&id=255&_navigationType=BROWSE&_shoppingMode=SITE&sortBy=ORIGINAL&productsPerPage=60&pageIndex=2&_application=SITE&_additionalStoreLocations=5133&_regionCode=US&currencyCode=USD&size=medium&spItemsVersion=1.1&utagId=01924d4e5a27001a8f34c6bd74680507d01d3075007e8&visitorId=80934390978429631027343511310562026974&customerId=&_deviceType=DESKTOP&_customerState=GUEST
Pattern,Metallic,Clothing,Women,Western,Topwear,Tops,https://www.macys.com/xapi/discover/v1/page?pathname=/shop/womens-clothing/all-womens-clothing/womens-tops/Fabric_pattern/Metallic&id=255&_navigationType=BROWSE&_shoppingMode=SITE&sortBy=ORIGINAL&productsPerPage=60&pageIndex=2&_application=SITE&_additionalStoreLocations=5133&_regionCode=US&currencyCode=USD&size=medium&spItemsVersion=1.1&utagId=01924d4e5a27001a8f34c6bd74680507d01d3075007e8&visitorId=80934390978429631027343511310562026974&customerId=&_deviceType=DESKTOP&_customerState=GUEST
Pattern,Neutrals,Clothing,Women,Western,Topwear,Tops,https://www.macys.com/xapi/discover/v1/page?pathname=/shop/womens-clothing/all-womens-clothing/womens-tops/Fabric_pattern/Neutrals&id=255&_navigationType=BROWSE&_shoppingMode=SITE&sortBy=ORIGINAL&productsPerPage=60&pageIndex=2&_application=SITE&_additionalStoreLocations=5133&_regionCode=US&currencyCode=USD&size=medium&spItemsVersion=1.1&utagId=01924d4e5a27001a8f34c6bd74680507d01d3075007e8&visitorId=80934390978429631027343511310562026974&customerId=&_deviceType=DESKTOP&_customerState=GUEST
Pattern,Paisley,Clothing,Women,Western,Topwear,Tops,https://www.macys.com/xapi/discover/v1/page?pathname=/shop/womens-clothing/all-womens-clothing/womens-tops/Fabric_pattern/Paisley&id=255&_navigationType=BROWSE&_shoppingMode=SITE&sortBy=ORIGINAL&productsPerPage=60&pageIndex=2&_application=SITE&_additionalStoreLocations=5133&_regionCode=US&currencyCode=USD&size=medium&spItemsVersion=1.1&utagId=01924d4e5a27001a8f34c6bd74680507d01d3075007e8&visitorId=80934390978429631027343511310562026974&customerId=&_deviceType=DESKTOP&_customerState=GUEST
Pattern,Plaid,Clothing,Women,Western,Topwear,Tops,https://www.macys.com/xapi/discover/v1/page?pathname=/shop/womens-clothing/all-womens-clothing/womens-tops/Fabric_pattern/Plaid&id=255&_navigationType=BROWSE&_shoppingMode=SITE&sortBy=ORIGINAL&productsPerPage=60&pageIndex=2&_application=SITE&_additionalStoreLocations=5133&_regionCode=US&currencyCode=USD&size=medium&spItemsVersion=1.1&utagId=01924d4e5a27001a8f34c6bd74680507d01d3075007e8&visitorId=80934390978429631027343511310562026974&customerId=&_deviceType=DESKTOP&_customerState=GUEST
Pattern,Print,Clothing,Women,Western,Topwear,Tops,https://www.macys.com/xapi/discover/v1/page?pathname=/shop/womens-clothing/all-womens-clothing/womens-tops/Fabric_pattern/Print&id=255&_navigationType=BROWSE&_shoppingMode=SITE&sortBy=ORIGINAL&productsPerPage=60&pageIndex=2&_application=SITE&_additionalStoreLocations=5133&_regionCode=US&currencyCode=USD&size=medium&spItemsVersion=1.1&utagId=01924d4e5a27001a8f34c6bd74680507d01d3075007e8&visitorId=80934390978429631027343511310562026974&customerId=&_deviceType=DESKTOP&_customerState=GUEST
Pattern,Solid,Clothing,Women,Western,Topwear,Tops,https://www.macys.com/xapi/discover/v1/page?pathname=/shop/womens-clothing/all-womens-clothing/womens-tops/Fabric_pattern/Solid&id=255&_navigationType=BROWSE&_shoppingMode=SITE&sortBy=ORIGINAL&productsPerPage=60&pageIndex=2&_application=SITE&_additionalStoreLocations=5133&_regionCode=US&currencyCode=USD&size=medium&spItemsVersion=1.1&utagId=01924d4e5a27001a8f34c6bd74680507d01d3075007e8&visitorId=80934390978429631027343511310562026974&customerId=&_deviceType=DESKTOP&_customerState=GUEST
Pattern,Stripe,Clothing,Women,Western,Topwear,Tops,https://www.macys.com/xapi/discover/v1/page?pathname=/shop/womens-clothing/all-womens-clothing/womens-tops/Fabric_pattern/Stripe&id=255&_navigationType=BROWSE&_shoppingMode=SITE&sortBy=ORIGINAL&productsPerPage=60&pageIndex=2&_application=SITE&_additionalStoreLocations=5133&_regionCode=US&currencyCode=USD&size=medium&spItemsVersion=1.1&utagId=01924d4e5a27001a8f34c6bd74680507d01d3075007e8&visitorId=80934390978429631027343511310562026974&customerId=&_deviceType=DESKTOP&_customerState=GUEST
Pattern,Textured,Clothing,Women,Western,Topwear,Tops,https://www.macys.com/xapi/discover/v1/page?pathname=/shop/womens-clothing/all-womens-clothing/womens-tops/Fabric_pattern/Textured&id=255&_navigationType=BROWSE&_shoppingMode=SITE&sortBy=ORIGINAL&productsPerPage=60&pageIndex=2&_application=SITE&_additionalStoreLocations=5133&_regionCode=US&currencyCode=USD&size=medium&spItemsVersion=1.1&utagId=01924d4e5a27001a8f34c6bd74680507d01d3075007e8&visitorId=80934390978429631027343511310562026974&customerId=&_deviceType=DESKTOP&_customerState=GUEST
Pattern,Tie Dye,Clothing,Women,Western,Topwear,Tops,https://www.macys.com/xapi/discover/v1/page?pathname=/shop/womens-clothing/all-womens-clothing/womens-tops/Fabric_pattern/Tie%20Dye&id=255&_navigationType=BROWSE&_shoppingMode=SITE&sortBy=ORIGINAL&productsPerPage=60&pageIndex=2&_application=SITE&_additionalStoreLocations=5133&_regionCode=US&currencyCode=USD&size=medium&spItemsVersion=1.1&utagId=01924d4e5a27001a8f34c6bd74680507d01d3075007e8&visitorId=80934390978429631027343511310562026974&customerId=&_deviceType=DESKTOP&_customerState=GUEST
Pattern,Tropical,Clothing,Women,Western,Topwear,Tops,https://www.macys.com/xapi/discover/v1/page?pathname=/shop/womens-clothing/all-womens-clothing/womens-tops/Fabric_pattern/Tropical&id=255&_navigationType=BROWSE&_shoppingMode=SITE&sortBy=ORIGINAL&productsPerPage=60&pageIndex=2&_application=SITE&_additionalStoreLocations=5133&_regionCode=US&currencyCode=USD&size=medium&spItemsVersion=1.1&utagId=01924d4e5a27001a8f34c6bd74680507d01d3075007e8&visitorId=80934390978429631027343511310562026974&customerId=&_deviceType=DESKTOP&_customerState=GUEST
